Name,Stadt,Type,Land,Kontakt,Einwohner,Bürgermeister,Partei,Kontaktdaten,,,,,,,
STV Aalen,Aalen,Stadt,Baden-Württemberg,N,67621,Frederick Brütting,SPD,auslaenderamt@aalen.de,,SPD,,,,,
ABH Bad Krozingen,Bad Krozingen,Stadt,Baden-Württemberg,N,21755,Volker Kieber,CDU/CSU,auslaenderbehoerde@bad-krozingen.de,,CDU/CSU,,,,,
STV Backnang,Backnang,Stadt,Baden-Württemberg,N,38818,Maximilian Friedrich,FW,stadt@backnang.de,,FW,,,,,
STV Böblingen,Böblingen,Stadt,Baden-Württemberg,N,51483,Stefan Belz,Grüne,stadt@boeblingen.de,,Grüne,,,,,
STV Esslingen,Esslingen am Neckar,Stadt,Baden-Württemberg,N,96182,Matthias Klopfer,SPD,auslaenderamt@esslingen.de,,Parteilos,,,,,
STV Fellbach,Fellbach,Stadt,Baden-Württemberg,N,47120,Gabriele Zull,Parteilos,auslaenderamt@fellbach.de,,FDP,,,,,
BGM Geislingen,Geislingen,Stadt,Baden-Württemberg,N,27791,Ignazio Ceffalia,Parteilos,post@zollernalbkreis.de,,,,,,,
STV Göppingen,Göppingen,Stadt,Baden-Württemberg,N,58937,Alexander Maier,Grüne,auslaenderbehoerde@goeppingen.de,,#N/A,,,,,
STV Heidenheim,Heidenheim an der Brenz,Stadt,Baden-Württemberg,N,50618,Michael Salomo,SPD,auslaenderwesen@heidenheim.de,,Freisinger Mitte,,,,,
STV Heilbronn,Heilbronn,Stadt,Baden-Württemberg,N,131986,Harry Mergel,SPD,abh@stadt-heilbronn.de,,BBV,,,,,
BGM Kirchheim unter Teck,Kirchheim unter Teck,Stadt,Baden-Württemberg,N,42299,Pascal Bader,Parteilos,auslaender@kirchheim-teck.de,,UBV,,,,,
STV Kornwestheim,Kornwestheim,Stadt,Baden-Württemberg,N,33980,Nico Lauxmann,CDU/CSU,auslaenderamt@kornwestheim.de,,WGK,,,,,
STV Leonberg,Leonberg,Stadt,Baden-Württemberg,N,49480,Tobias Degode,Parteilos,,,Die Linke,,,,,
STV Ludwigsburg,Ludwigsburg,Stadt,Baden-Württemberg,N,92858,Matthias Knecht,Parteilos,auslaenderbehoerde@ludwigsburg.de,,FWG,,,,,
STV Nürtingen,Nürtingen,Stadt,Baden-Württemberg,N,40773,Johannes Fridrich,Parteilos,awes.stadt@nuertingen.de,,,,,,,
STV Schwäbisch Gmünd,Schwäbisch Gmünd,Stadt,Baden-Württemberg,N,64416,Richard Arnold,CDU/CSU,stadtverwaltung@schwaebisch-gmuend.de,,,,,,,
STV Schwäbisch Hall,Schwäbisch Hall,Stadt,Baden-Württemberg,N,42598,Daniel Bullinger,FDP,claudia.kuetterer@schwaebischhall.de,,,,,,,
STV Sindelfingen,Sindelfingen,Stadt,Baden-Württemberg,N,61422,Markus Kleemann,CDU/CSU,stadt@sindelfingen.de,,,,,,,
STV Ulm,Ulm,Stadt,Baden-Württemberg,N,129882,Martin Ansbacher,SPD,auslaenderwesen@ulm.de,,,,,,,
LHS Stuttgart,Stuttgart,Stadt,Baden-Württemberg,N,612663,Frank Nopper,CDU/CSU,,,,,,,,
STV Waiblingen,Waiblingen,Stadt,Baden-Württemberg,N,57313,Sebastian Wolf,CDU/CSU,buergerbuero@waiblingen.de,,,,,,,
STV Herrenberg,Herrenberg,Stadt,Baden-Württemberg,N,34192,Nico Reith,Parteilos,rga@herrenberg.de,,,,,,,
BGM Stutensee,Stutensee,Stadt,Baden-Württemberg,N,25259,Petra Becker,Parteilos,auslaenderbehoerde@stutensee.de,,,,,,,
LRA Böblingen,Böblingen,Stadt,Baden-Württemberg,N,51483,Stefan Belz,Grüne,stadt@boeblingen.de,,,,,,,
LRA Esslingen,Esslingen am Neckar,Stadt,Baden-Württemberg,N,96182,Matthias Klopfer,SPD,auslaenderamt@esslingen.de,,,,,,,
LRA Göppingen,Göppingen,Stadt,Baden-Württemberg,N,58937,Alexander Maier,Grüne,auslaenderbehoerde@goeppingen.de,,,,,,,
LRA Heidenheim,Heidenheim an der Brenz,Stadt,Baden-Württemberg,N,50618,Michael Salomo,SPD,auslaenderwesen@heidenheim.de,,,,,,,
LRA Heilbronn,Heilbronn,Stadt,Baden-Württemberg,N,131986,Harry Mergel,SPD,abh@stadt-heilbronn.de,,,,,,,
LRA Ludwigsburg,Ludwigsburg,Stadt,Baden-Württemberg,N,92858,Matthias Knecht,Parteilos,auslaenderbehoerde@ludwigsburg.de,,,,,,,
RP Stuttgart,Stuttgart,Stadt,Baden-Württemberg,N,612663,Frank Nopper,CDU/CSU,,,,,,,,
LEA Ellwangen,Ellwangen,Stadt,Baden-Württemberg,N,25001,Michael Dambacher,CDU/CSU,info@ellwangen.de,,,,,,,
RP Stuttgart - LZF,Stuttgart,Stadt,Baden-Württemberg,N,612663,Frank Nopper,CDU/CSU,,,,,,,,
RP Tübingen (15.2 ABH),Tübingen,Stadt,Baden-Württemberg,N,92322,Boris Palmer,Parteilos,manuela.noll@tuebingen.de,,,,,,,
LRA Schwäbisch Hall,Schwäbisch Hall,Stadt,Baden-Württemberg,N,42598,Daniel Bullinger,FDP,claudia.kuetterer@schwaebischhall.de,,,,,,,
STV Bruchsal,Bruchsal,Stadt,Baden-Württemberg,N,47784,Sven Weigt,CDU/CSU,ordnungsamt@bruchsal.de,,,,,,,
STV Ettlingen,Ettlingen,Stadt,Baden-Württemberg,N,38578,Johannes Arnold,Parteilos,ordnungsamt@ettlingen.de,,,,,,,
STV Heidelberg,Heidelberg,Stadt,Baden-Württemberg,N,155756,Eckart Würzner,Parteilos,buergeramt@heidelberg.de,,,,,,,
STV Karlsruhe,Karlsruhe,Stadt,Baden-Württemberg,N,309050,Frank Mentrup,SPD,auslaenderbehoerde@oa.karlsruhe.de,,,,,,,
Stadt Mannheim,Mannheim,Stadt,Baden-Württemberg,N,318035,Christian Specht,CDU/CSU,auslaenderbehoerde@mannheim.de,,,,,,,
STV Pforzheim,Pforzheim,Stadt,Baden-Württemberg,N,134912,Peter Boch,CDU/CSU,auslaenderwesen@stadt-pforzheim.de,,,,,,,
STV Weinheim,Weinheim,Stadt,Baden-Württemberg,N,45852,vakant,,auslaenderbehoerde@weinheim.de,,,,,,,
STV Waldkirch,Waldkirch,Stadt,Baden-Württemberg,N,21510,Michael Schmieder,Parteilos,postkorb@stadt-waldkirch.de,,,,,,,
LRA Karlsruhe,Karlsruhe,Stadt,Baden-Württemberg,N,309050,Frank Mentrup,SPD,auslaenderbehoerde@oa.karlsruhe.de,,,,,,,
STV Achern,Achern,Stadt,Baden-Württemberg,N,26733,Manuel Tabor,CDU/CSU,oeffentliche-ordnung@achern.de,,,,,,,
STV Baden-Baden,Baden-Baden,Stadt,Baden-Württemberg,N,56881,Thomas Jung,Parteilos,abh@landkreis-verden.de,,,,,,,
STV Freiburg,Freiburg,Stadt,Baden-Württemberg,N,237460,Martin Horn,Parteilos,auslaenderbehoerde@stadt.freiburg.de,,,,,,,
STV Konstanz,Konstanz,Stadt,Baden-Württemberg,N,86919,Ulrich Burchardt,CDU/CSU,auslaenderamt@stadt.konstanz.de,,,,,,,
STV Lahr,Lahr,Stadt,Baden-Württemberg,N,50775,Markus Ibert,Parteilos,auslaenderbehoerde@bitburg-pruem.de,,,,,,,
STV Lörrach,Lörrach,Stadt,Baden-Württemberg,N,51349,Jörg Lutz,Parteilos,auslaenderbehoerde@loerrach.de,,,,,,,
BGM Offenburg,Offenburg,Stadt,Baden-Württemberg,N,62993,Marco Steffens,CDU/CSU,auslaenderbuero@offenburg.de,,,,,,,
STV Rastatt,Rastatt,Stadt,Baden-Württemberg,N,50741,Monika Müller,SPD,auslaenderwesen@rastatt.de,,,,,,,
STV Singen,Singen,Stadt,Baden-Württemberg,N,47621,Bernd Häusler,CDU/CSU,auslaenderbehoerde@singen.de,,,,,,,
STV Villingen-Schwenningen,Villingen-Schwenningen,Stadt,Baden-Württemberg,N,89756,Jürgen Roth,CDU/CSU,stadt@villingen-schwenningen.de,,,,,,,
LRA Emmendingen,Emmendingen,Stadt,Baden-Württemberg,N,29502,Stefan Schlatterer,CDU/CSU,auslaenderamt@emmendingen.de,,,,,,,
LRA Breisgau/Hochschwarzwald,Breisgau-Hochschwarzwald,Stadt,Baden-Württemberg,N,#N/A,#N/A,#N/A,auslaenderwesen@lkbh.de,,,,,,,
LRA Konstanz,Konstanz,Stadt,Baden-Württemberg,N,86919,Ulrich Burchardt,CDU/CSU,auslaenderamt@stadt.konstanz.de,,,,,,,
STV Leimen,Leimen,Stadt,Baden-Württemberg,N,26873,John Ehret,Parteilos,kv@lksuedwestpfalz.de,,,,,,,
LRA Lörrach,Lörrach,Stadt,Baden-Württemberg,N,51349,Jörg Lutz,Parteilos,auslaenderbehoerde@loerrach.de,,,,,,,
RP Tübingen (15.1 ABH),Tübingen,Stadt,Baden-Württemberg,N,92322,Boris Palmer,Parteilos,manuela.noll@tuebingen.de,,,,,,,
RP Freiburg (Höhere Ausländerbehörde),Freiburg,Stadt,Baden-Württemberg,N,237460,Martin Horn,Parteilos,auslaenderbehoerde@stadt.freiburg.de,,,,,,,
RP Freiburg (LEA Ausländerbehörde),Freiburg im Breisgau,Stadt,Baden-Württemberg,N,237460,Martin Horn,Parteilos,auslaenderbehoerde@stadt.freiburg.de,,,,,,,
LRA Rastatt,Rastatt,Stadt,Baden-Württemberg,N,50741,Monika Müller,SPD,auslaenderwesen@rastatt.de,,,,,,,
RP Karlsruhe,Karlsruhe,Stadt,Baden-Württemberg,N,309050,Frank Mentrup,SPD,auslaenderbehoerde@oa.karlsruhe.de,,,,,,,
EAE Karlsruhe,Karlsruhe,Stadt,Baden-Württemberg,N,309050,Frank Mentrup,SPD,auslaenderbehoerde@oa.karlsruhe.de,,,,,,,
RP Karlsruhe - LZF,Karlsruhe,Stadt,Baden-Württemberg,N,309050,Frank Mentrup,SPD,auslaenderbehoerde@oa.karlsruhe.de,,,,,,,
LRA Waldshut,Waldshut,Stadt,Baden-Württemberg,N,25019,Martin Gruner,Parteilos,agruoner@waldshut-tiengen.de,,,,,,,
Stadt Leutkirch im Allgäu,Leutkirch im Allgäu,Stadt,Baden-Württemberg,N,24226,#N/A,#N/A,info@leutkirch.de,,,,,,,
STV Biberach a.d.Riß,Biberach a.d.Ri,Stadt,Baden-Württemberg,N,#N/A,#N/A,#N/A,poststelle@lra.neu-ulm.de,,,,,,,
STV Albstadt,Albstadt,Stadt,Baden-Württemberg,N,46950,Roland Tralmer,CDU/CSU,stadtverwaltung@albstadt.de,,,,,,,
STV Friedrichshafen,Friedrichshafen,Stadt,Baden-Württemberg,N,62796,Simon Blümcke,Parteilos,auslaenderamt@friedrichshafen.de,,,,,,,
STV Ravensburg,Ravensburg,Stadt,Baden-Württemberg,N,50628,Daniel Rapp,CDU/CSU,abh@ravensburg.de,,,,,,,
STV Reutlingen,Reutlingen,Stadt,Baden-Württemberg,N,118852,Thomas Keck,SPD,stadt@reutlingen.de,,,,,,,
STV Tübingen,Tübingen,Stadt,Baden-Württemberg,N,92322,Boris Palmer,Parteilos,manuela.noll@tuebingen.de,,,,,,,
STV Tuttlingen,Tuttlingen,Stadt,Baden-Württemberg,N,37109,Michael Beck,CDU/CSU,auslaenderamt@tuttlingen.de,,,,,,,
LRA Biberach,Biberach,Stadt,Baden-Württemberg,N,34576,Norbert Zeidler,Parteilos,auslaenderwesen@ortenaukreis.de,,,,,,,
LRA Calw,Calw,Stadt,Baden-Württemberg,N,25001,Florian Kling,SPD,auslaenderamt@calw.de,,,,,,,
STV Öhringen,Öhringen,Stadt,Baden-Württemberg,N,25673,Patrick Wegener,SPD,info@oehringen.de,,,,,,,
LRA Freudenstadt,Freudenstadt,Stadt,Baden-Württemberg,N,24464,Adrian Sonder,CDU/CSU,auslaenderbehoerde@freudenstadt.de,,,,,,,
STV Balingen,Balingen,Stadt,Baden-Württemberg,N,35623,Dirk Abel,CDU/CSU,post@zollernalbkreis.de,,,,,,,
STV Ehingen,Ehingen,Stadt,Baden-Württemberg,N,27764,Alexander Baumann,CDU/CSU,auslaenderamt@lra-donau-ries.de,,,,,,,
STV Calw,Calw,Stadt,Baden-Württemberg,N,25001,Florian Kling,SPD,auslaenderamt@calw.de,,,,,,,
LRA Ravensburg,Ravensburg,Stadt,Baden-Württemberg,N,50628,Daniel Rapp,CDU/CSU,abh@ravensburg.de,,,,,,,
LRA Reutlingen,Reutlingen,Stadt,Baden-Württemberg,N,118852,Thomas Keck,SPD,stadt@reutlingen.de,,,,,,,
LRA Rottweil,Rottweil,Stadt,Baden-Württemberg,N,24985,Christian Ruf,CDU/CSU,stadt@rottweil.de,,,,,,,
STV Überlingen,Überlingen,Stadt,Baden-Württemberg,N,22735,Jan Zeitler,SPD,rathaus@ueberlingen.de,,,,,,,
LRA Sigmaringen,Sigmaringen,Stadt,Baden-Württemberg,N,16884,#N/A,#N/A,harry.aigner@lrasig.de,,,,,,,
LRA Tübingen,Tübingen,Stadt,Baden-Württemberg,N,92322,Boris Palmer,Parteilos,manuela.noll@tuebingen.de,,,,,,,
STV Mössingen,Mössingen,Stadt,Baden-Württemberg,N,21751,Michael Bulander,Parteilos,post@kreis-tuebingen.de,,,,,,,
LRA Tuttlingen,Tuttlingen,Stadt,Baden-Württemberg,N,37109,Michael Beck,CDU/CSU,auslaenderamt@tuttlingen.de,,,,,,,
STV Weingarten,Weingarten,Stadt,Baden-Württemberg,N,24940,Clemens Moll,CDU/CSU,kreisverwaltung@kreis-germersheim.de,,,,,,,
STV Schwetzingen,Schwetzingen,Stadt,Baden-Württemberg,N,21767,Matthias Steffan,Parteilos,info@schwetzingen.de,,,,,,,
STV Donaueschingen,Donaueschingen,Stadt,Baden-Württemberg,N,21790,Erik Pauly,CDU/CSU,stadt@donaueschingen.de,,,,,,,
STV Bad Rappenau,Bad Rappenau,Stadt,Baden-Württemberg,N,22703,Sebastian Frei,Parteilos,roland.deutschmann@badrappenau.de,,,,,,,
ABH Remseck a. N.,Remseck a,Stadt,Baden-Württemberg,N,26188,Dirk Schönberger,Parteilos,info@remseck.de,,,,,,,
STV Oberkirch,Oberkirch,Stadt,Baden-Württemberg,N,19847,Gregor Bühler,CDU/CSU,auslaenderamt@oberkirch.de,,,,,,,
BGM Eppingen,Eppingen,Stadt,Baden-Württemberg,N,22666,Klaus Holaschke,Parteilos,rathaus@eppingen.de,,,,,,,
STV Giengen,Giengen,Stadt,Baden-Württemberg,N,19967,Dieter Henle,Parteilos,auslaenderbehoerde@giengen.de,,,,,,,
STV Hockenheim,Hockenheim,Stadt,Baden-Württemberg,N,21623,Marcus Zeitler,CDU/CSU,auslaenderamt@hockenheim.de,,,,,,,
STV Kehl,Kehl,Stadt,Baden-Württemberg,N,39584,Wolfram Britz,Parteilos,auslaenderbehoerde@stadt-kehl.de,,,,,,,
BGM Weil am Rhein,Weil am Rhein,Stadt,Baden-Württemberg,N,32236,Diana Stöcker,CDU/CSU,buergerbuero@weil-am-rhein.de,,,,,,,
STV Crailsheim,Crailsheim,Stadt,Baden-Württemberg,N,35755,Christoph Grimmer,Parteilos,post@crailsheim.de,,,,,,,
STV Schramberg,Schramberg,Stadt,Baden-Württemberg,N,20610,Dorothee Eisenlohr,Parteilos,info@schramberg.de,,,,,,,
BGM Ellwangen,Ellwangen,Stadt,Baden-Württemberg,N,25001,Michael Dambacher,CDU/CSU,info@ellwangen.de,,,,,,,
STV Rottenburg,Rottenburg,Stadt,Baden-Württemberg,N,45677,Stephan Neher,CDU/CSU,post@kreis-tuebingen.de,,,,,,,
BGM Bretten,Bretten,Stadt,Baden-Württemberg,N,30274,Nico Morast,CDU/CSU,gv-auslaenderbehoerde@bretten.de,,,,,,,
BGM Radolfzell,Radolfzell,Stadt,Baden-Württemberg,N,31734,Simon Gröger,Parteilos,auslaenderamt@radolfzell.de,,,,,,,
ABH Stadt Rheinfelden,Stadt Rheinfelden,Stadt,Baden-Württemberg,N,#N/A,#N/A,#N/A,info@rheinfelden-baden.de,,,,,,,
STV Bad Mergentheim,Bad Mergentheim,Stadt,Baden-Württemberg,N,24023,Udo Glatthaar,CDU/CSU,auslaenderbehoerde@bad-mergentheim.de,,,,,,,
STV Wertheim,Wertheim,Stadt,Baden-Württemberg,N,22874,Markus Herrera Torrez,SPD,stadtverwaltung@wertheim.de,,,,,,,
STV Leinfelden-Echterdingen,Leinfelden-Echterdingen,Stadt,Baden-Württemberg,N,41185,Otto Ruppaner,Parteilos,buerger-und-ordnungsamt@le-mail.de,,,,,,,
STV Filderstadt,Filderstadt,Stadt,Baden-Württemberg,N,46243,Christoph Traub,CDU/CSU,AuE@Filderstadt.de,,,,,,,
STV Ostfildern,Ostfildern,Stadt,Baden-Württemberg,N,39778,Christof Bolay,SPD,auslaenderrecht@ostfildern.de,,,,,,,
STV Mosbach,Mosbach,Stadt,Baden-Württemberg,N,24459,Julian Stipp,SPD,info@mosbach.de,,,,,,,
BGM Gaggenau,Gaggenau,Stadt,Baden-Württemberg,N,29529,Michael Pfeiffer,Parteilos,auslaenderwesen@gaggenau.de,,,,,,,
STV Rottweil,Rottweil,Stadt,Baden-Württemberg,N,24985,Christian Ruf,CDU/CSU,stadt@rottweil.de,,,,,,,
BGM Schorndorf,Schorndorf,Stadt,Baden-Württemberg,N,41647,Bernd Hornikel,Parteilos,marcus.epp@schorndorf.de,,,,,,,
BGM Bietigheim-Bissingen,Bietigheim-Bissingen,Stadt,Baden-Württemberg,N,43556,Jürgen Kessing,SPD,ordnung@bietigheim-bissingen.de,,,,,,,
STV Neckarsulm,Neckarsulm,Stadt,Baden-Württemberg,N,26431,Steffen Hertwig,SPD,info-stadt@neckarsulm.de,,,,,,,
STV Mühlacker,Mühlacker,Stadt,Baden-Württemberg,N,26787,Stephan Retter,Parteilos,stadt@muehlacker.de,,,,,,,
STV Vaihingen,Vaihingen,Stadt,Baden-Württemberg,N,28798,Uwe Skrzypek,FW,auslaenderamt@vaihingen.de,,,,,,,
STV Winnenden,Winnenden,Stadt,Baden-Württemberg,N,29876,Hartmut Holzwarth,CDU/CSU,rathaus@winnenden.de,,,,,,,
STV Bühl,Bühl,Stadt,Baden-Württemberg,N,28608,Matthias Bauernfeind,CDU/CSU,auslaenderwesen@buehl.de,,,,,,,
BGM Sinsheim,Sinsheim,Stadt,Baden-Württemberg,N,37036,Marco Siesing,CDU/CSU,ordnungsamt@sinsheim.de,,,,,,,
STV Wiesloch,Wiesloch,Stadt,Baden-Württemberg,N,27731,Dirk Elkemann,Parteilos,auslaenderamt@wiesloch.de,,,,,,,
BGM Emmendingen,Emmendingen,Stadt,Baden-Württemberg,N,29502,Stefan Schlatterer,CDU/CSU,auslaenderamt@emmendingen.de,,,,,,,
STV Wangen,Wangen,Stadt,Baden-Württemberg,N,28412,Michael Lang,Parteilos,auslaenderwesen@landkreis-goeppingen.de,,,,,,,
STV Waldshut-Tiengen,Waldshut-Tiengen,Stadt,Baden-Württemberg,N,25019,Martin Gruner,Parteilos,agruoner@waldshut-tiengen.de,,,,,,,
STV Ditzingen,Ditzingen,Stadt,Baden-Württemberg,N,22666,Michael Makurath,Parteilos,stadt@ditzingen.de,,,,,,,
STV Weinstadt,Weinstadt,Stadt,Baden-Württemberg,N,27074,Michael Scharmann,FW,auslaenderabteilung@weinstadt.de,,,,,,,
BGM Horb a.N.,Horb a,Stadt,Baden-Württemberg,N,25651,Michael Keßler,CDU/CSU,auslaenderwesen@Lra-kc.bayern.de,,,,,,,
STV Nagold,Nagold,Stadt,Baden-Württemberg,N,23864,Jürgen Großmann,CDU/CSU,tanja.kalmbach@nagold.de,,,,,,,
BGM Freudenstadt,Freudenstadt,Stadt,Baden-Württemberg,N,24464,Adrian Sonder,CDU/CSU,auslaenderbehoerde@freudenstadt.de,,,,,,,
STV Metzingen,Metzingen,Stadt,Baden-Württemberg,N,23178,Carmen Haberstroh,FW,stadt@metzingen.de,,,,,,,
Stadtverwaltung Waghäusel,Waghäusel,Stadt,Baden-Württemberg,N,22466,Thomas Deuschle,CDU/CSU,auslaenderrecht@waghaeusel.de,,,,,,,
Stadt Laupheim,Laupheim,Stadt,Baden-Württemberg,N,22839,Ingo Bergmann,SPD,auslaenderbehoerde@laupheim.de,,,,,,,
Regierung von Unterfranken,von Unterfranken,Stadt,Bayern,N,#N/A,#N/A,#N/A,auslaenderbehoerde@landkreis-badkissingen.de,,,,,,,
STV Ingolstadt,Ingolstadt,Stadt,Bayern,N,141185,Michael Kern,CDU/CSU,auslaenderamt@ingolstadt.de,,,,,,,
LH München,München,Stadt,Bayern,N,1505005,Dominik Krause,Grüne,auslaenderbehoerde.kvr@muenchen.de,,,,,,,
STV Rosenheim,Rosenheim,Stadt,Bayern,N,65274,Abuzar Erdogan,SPD,auslaenderamt@rosenheim.de,,,,,,,
LRA Altötting,Altötting,Stadt,Bayern,N,13138,#N/A,#N/A,ausl1@lra-aoe.de,,,,,,,
LRA Bad Tölz,Bad Tölz,Stadt,Bayern,N,19826,#N/A,#N/A,info@lra-toelz.de,,,,,,,
LRA Dachau,Dachau,Stadt,Bayern,N,47138,Florian Hartmann,SPD,auslaenderamt@lra-dah.bayern.de,,,,,,,
LRA Ebersberg,Ebersberg,Stadt,Bayern,N,12408,#N/A,#N/A,auslaenderamt@lra-ebe.de,,,,,,,
LRA Erding,Erding,Stadt,Bayern,N,37171,Maximilian Gotz,CDU/CSU,auslaenderamt@lra-ed.de,,,,,,,
LRA Freising,Freising,Stadt,Bayern,N,48928,Monika Schwind,Freisinger Mitte,auslaenderamt@kreis-fs.de,,,,,,,
LRA Fürstenfeldbruck,Fürstenfeldbruck,Stadt,Bayern,N,37420,Christian Götz,BBV,auslaenderamt@lra-ffb.de,,,,,,,
LRA Garmisch-Partenkirchen,Garmisch-Partenkirchen,Stadt,Bayern,N,#N/A,#N/A,#N/A,hubert.sedlmeyer@lra-gap.de,,,,,,,
LRA Landsberg,Landsberg,Stadt,Bayern,N,29257,Doris Baumgartl,UBV,auslaenderbehoerde@saalekreis.de,,,,,,,
LRA Miesbach,Miesbach,Stadt,Bayern,N,11573,#N/A,#N/A,auslaenderrecht@lra-mb.bayern.de,,,,,,,
LRA Mühldorf a. Inn,Mühldorf,Stadt,Bayern,N,22503,#N/A,#N/A,annemarie.haslbeck@lra-mue.de,,,,,,,
LRA München,München,Stadt,Bayern,N,1505005,Dominik Krause,Grüne,auslaenderbehoerde.kvr@muenchen.de,,,,,,,
LRA Pfaffenhofen,Pfaffenhofen,Stadt,Bayern,N,26996,#N/A,#N/A,auslaenderamt@lra-dah.bayern.de,,,,,,,
LRA Rosenheim,Rosenheim,Stadt,Bayern,N,65274,Abuzar Erdogan,SPD,auslaenderamt@rosenheim.de,,,,,,,
LRA Starnberg,Starnberg,Stadt,Bayern,N,24471,#N/A,#N/A,auslaenderwesen@lra-starnberg.de,,,,,,,
LRA Traunstein,Traunstein,Stadt,Bayern,N,20877,Christian Hümmer,CDU/CSU,sg3.30@lra-ts.bayern.de,,,,,,,
LRA Weilheim-Schongau,Weilheim-Schongau,Stadt,Bayern,N,#N/A,#N/A,#N/A,auslaenderamt@lra-wm.de,,,,,,,
LRA Weilheim-Schongau 1,Weilheim-Schongau,Stadt,Bayern,N,#N/A,#N/A,#N/A,auslaenderamt@lra-wm.de,,,,,,,
STV Landshut,Landshut,Stadt,Bayern,N,71863,Thomas Haslinger,CDU/CSU,auslaenderbehoerde@landshut.de,,,,,,,
STV Passau,Passau,Stadt,Bayern,N,53039,Andreas Rother,SPD,auslaenderamt@passau.de,,,,,,,
STV Straubing,Straubing,Stadt,Bayern,N,49002,Markus Pannermayr,CDU/CSU,auslaenderamt@straubing.de,,,,,,,
LRA Deggendorf,Deggendorf,Stadt,Bayern,N,35044,Christian Moser,CDU/CSU,auslaenderwesen@lra-deg.bayern.de,,,,,,,
LRA Kelheim,Kelheim,Stadt,Bayern,N,17066,#N/A,#N/A,poststelle@landkreis-kelheim.de,,,,,,,
ZAB Mittelfranken,Mittelfranken,Stadt,Bayern,N,#N/A,#N/A,#N/A,abh.aufenthalt@stadt.nuernberg.de,,,,,,,
ZAB Oberfranken,Oberfranken,Stadt,Bayern,N,#N/A,#N/A,#N/A,abh@lra-ba.bayern.de,,,,,,,
ZAB Oberfranken 2,Oberfranken,Stadt,Bayern,N,#N/A,#N/A,#N/A,abh@lra-ba.bayern.de,,,,,,,
Reg. v. Mfr. Zentr. Stelle f. d. Einwanderung von Fachkräften,v. Mfr. Zentr. Stelle f. d. Einwanderung von Fachkräften,Stadt,Bayern,N,#N/A,#N/A,#N/A,auslaenderbehoerde@emsland.de,,,,,,,
ABH FA Regierung von Mittelfranken,FA Regierung von Mittelfranken,Stadt,Bayern,N,#N/A,#N/A,#N/A,abh.aufenthalt@stadt.nuernberg.de,,,,,,,
ZAB Oberbayern München,Oberbayern München,Stadt,Bayern,N,#N/A,#N/A,#N/A,service@bamf.bund.de,,,,,,,
ZAB Oberbayern AS: Ingolstadt,Oberbayern AS: Ingolstadt,Stadt,Bayern,N,#N/A,#N/A,#N/A,,,,,,,,
LRA Landshut,Landshut,Stadt,Bayern,N,71863,Thomas Haslinger,CDU/CSU,auslaenderbehoerde@landshut.de,,,,,,,
ZAB Niederbayern,Niederbayern,Stadt,Bayern,N,#N/A,#N/A,#N/A,auslaenderamt@landkreis-frg.de,,,,,,,
LRA Passau,Passau,Stadt,Bayern,N,53039,Andreas Rother,SPD,auslaenderamt@passau.de,,,,,,,
LRA Regen,Regen,Stadt,Bayern,N,151389,Thomas Burger,SPD,ausland@lra.landkreis-regen.de,,,,,,,
STV Amberg,Amberg,Stadt,Bayern,N,42553,Michael Fritz,FW,ausland@lra.unterallgaeu.de,,,,,,,
Stadt Regensburg,Regensburg,Stadt,Bayern,N,151389,Thomas Burger,SPD,auslaenderangelegenheiten@regensburg.de,,,,,,,
STV Weiden,Weiden,Stadt,Bayern,N,42444,Benjamin Zeitler,CDU/CSU,r.simon@landkreis-birkenfeld.de,,,,,,,
LRA Amberg-Sulzbach,Amberg-Sulzbach,Stadt,Bayern,N,#N/A,#N/A,#N/A,r.simon@landkreis-birkenfeld.de,,,,,,,
LRA Cham,Cham,Stadt,Bayern,N,17433,#N/A,#N/A,auslaenderamt@lra.landkreis-cham.de,,,,,,,
LRA Neumarkt i.d. OPf.,Neumarkt in der Oberpfalz,Stadt,Bayern,N,#N/A,Markus Ochsenkühn,CDU/CSU,kraus.lothar@landkreis.neumarkt.de,,,,,,,
LRA Neustadt/Waldnaab,Neustadt an der Waldnaab,Stadt,Bayern,N,#N/A,#N/A,#N/A,auslaenderamt@neustadt.de,,,,,,,
LRA Regensburg,Regensburg,Stadt,Bayern,N,151389,Thomas Burger,SPD,auslaenderangelegenheiten@regensburg.de,,,,,,,
LRA Tirschenreuth,Tirschenreuth,Stadt,Bayern,N,8516,#N/A,#N/A,latirsch@tirnet.de,,,,,,,
STV Bamberg,Bamberg,Stadt,Bayern,N,77150,Sebastian Martins Niedermaier,SPD,auslaenderamt@stadt.bamberg.de,,,,,,,
STV Bayreuth,Bayreuth,Stadt,Bayern,N,72940,Andreas Zippel,SPD,auslaenderamt@stadt.bayreuth.de,,,,,,,
STV Coburg,Coburg,Stadt,Bayern,N,41064,Dominik Sauerteig,SPD,einwohneramt@coburg.de,,,,,,,
STV Hof,Hof,Stadt,Bayern,N,46778,Stefan Schmalfuß,CDU/CSU,auslaenderbehoerde@stadt-hof.de,,,,,,,
LRA Bamberg,Bamberg,Stadt,Bayern,N,77150,Sebastian Martins Niedermaier,SPD,auslaenderamt@stadt.bamberg.de,,,,,,,
LRA Bayreuth,Bayreuth,Stadt,Bayern,N,72940,Andreas Zippel,SPD,auslaenderamt@stadt.bayreuth.de,,,,,,,
LRA Coburg,Coburg,Stadt,Bayern,N,41064,Dominik Sauerteig,SPD,einwohneramt@coburg.de,,,,,,,
LRA Forchheim,Forchheim,Stadt,Bayern,N,33017,Martina Hebendanz,CDU/CSU,auslaenderamt@landkreis-emmendingen.de,,,,,,,
LRA Hof,Hof,Stadt,Bayern,N,46778,Stefan Schmalfuß,CDU/CSU,auslaenderbehoerde@stadt-hof.de,,,,,,,
LRA Kronach,Kronach,Stadt,Bayern,N,16616,#N/A,#N/A,auslaenderwesen@Lra-kc.bayern.de,,,,,,,
LRA Kulmbach,Kulmbach,Stadt,Bayern,N,26625,Ralf Hartnack,WGK,auslaenderwesen@landkreis-kulmbach.de,,,,,,,
LRA Lichtenfels,Lichtenfels,Stadt,Bayern,N,20488,#N/A,#N/A,auslaenderwesen@lkwafkb.de,,,,,,,
LRA Wunsiedel i.F.,Wunsiedel i,Stadt,Bayern,N,#N/A,#N/A,#N/A,Karl-Heinz.Leupold@landkreis-wunsiedel.de,,,,,,,
STV Ansbach,Ansbach,Stadt,Bayern,N,40742,Thomas Deffner,CDU/CSU,auslaenderamt@ansbach.de,,,,,,,
STV Erlangen,Erlangen,Stadt,Bayern,N,115928,Jörg Volleth,CDU/CSU,auslaenderbehoerde@stadt.erlangen.de,,,,,,,
STV Fürth,Fürth,Stadt,Bayern,N,132036,Thomas Jung,SPD,auslaenderamt@lra.landkreis-cham.de,,,,,,,
STV Nürnberg,Nürnberg,Stadt,Bayern,N,529508,Marcus König,CDU/CSU,abh.aufenthalt@stadt.nuernberg.de,,,,,,,
STV Schwabach,Schwabach,Stadt,Bayern,N,40835,Peter Reiß,SPD,auslaenderamt@schwabach,,,,,,,
LRA Ansbach,Ansbach,Stadt,Bayern,N,40742,Thomas Deffner,CDU/CSU,auslaenderamt@ansbach.de,,,,,,,
LRA Erlangen-Höchstadt,Erlangen-Höchstadt,Stadt,Bayern,N,#N/A,#N/A,#N/A,auslaenderbehoerde@stadt.erlangen.de,,,,,,,
LRA Fürth,Fürth,Stadt,Bayern,N,132036,Thomas Jung,SPD,auslaenderamt@lra.landkreis-cham.de,,,,,,,
LRA Nürnberger Land,Nürnberger Land,Stadt,Bayern,N,#N/A,#N/A,#N/A,Auslaenderbehoerde@Schwalm-Eder-Kreis.de,,,,,,,
LRA Neustadt / Bad Windsheim,Neustadt (Aisch)-Bad Windsheim,Stadt,Bayern,N,#N/A,#N/A,#N/A,auslaenderamt@kreis-nea.de,,,,,,,
LRA Weißenburg-Gunzenhausen,Weißenburg-Gunzenhausen,Stadt,Bayern,N,#N/A,#N/A,#N/A,auslaenderwesen.lra@landkreis-wug.de,,,,,,,
STV Aschaffenburg,Aschaffenburg,Stadt,Bayern,N,73091,Markus Schlemmer,CDU/CSU,buergeramt@aschaffenburg.de,,,,,,,
STV Schweinfurt,Schweinfurt,Stadt,Bayern,N,54481,Ralf Hofmann,SPD,auslaenderangelegenheiten@schweinfurt.de,,,,,,,
STV Würzburg,Würzburg,Stadt,Bayern,N,133258,Martin Heilig,Grüne,ausland@stadt.wuerzburg.de,,,,,,,
LRA Aschaffenburg,Aschaffenburg,Stadt,Bayern,N,73091,Markus Schlemmer,CDU/CSU,buergeramt@aschaffenburg.de,,,,,,,
LRA Bad Kissingen,Bad Kissingen,Stadt,Bayern,N,23223,Dirk Vogel,SPD,auslaenderbehoerde@landkreis-badkissingen.de,,,,,,,
LRA Rhön-Grabfeld,Rhön-Grabfeld,Stadt,Bayern,N,#N/A,#N/A,#N/A,abh@lra-sm.thueringen.de,,,,,,,
LRA Kitzingen,Kitzingen,Stadt,Bayern,N,22936,Enis Tiz,FW,auslaenderamt@kitzingen.de,,,,,,,
LRA Miltenberg,Miltenberg,Stadt,Bayern,N,9351,#N/A,#N/A,,,,,,,,
LRA Schweinfurt,Schweinfurt,Stadt,Bayern,N,54481,Ralf Hofmann,SPD,auslaenderangelegenheiten@schweinfurt.de,,,,,,,
ZAB Unterfranken,Unterfranken,Stadt,Bayern,N,#N/A,#N/A,#N/A,auslaenderbehoerde@lra-wue.bayern.de,,,,,,,
LRA Würzburg,Würzburg,Stadt,Bayern,N,133258,Martin Heilig,Grüne,ausland@stadt.wuerzburg.de,,,,,,,
STV Augsburg,Augsburg,Stadt,Bayern,N,301105,Florian Freund,SPD,aufenthalt@augsburg.de,,,,,,,
STV Kaufbeuren,Kaufbeuren,Stadt,Bayern,N,46193,Stefan Bosse,CDU/CSU,info@kaufbeuren.de,,,,,,,
STV Kempten,Kempten,Stadt,Bayern,N,67645,Christian Schoch,FW,peter.galuschka@kempten.de,,,,,,,
STV Memmingen,Memmingen,Stadt,Bayern,N,44192,Jan Rothenbacher,SPD,auslaenderamt@memmingen.de,,,,,,,
LRA Dillingen,Dillingen,Stadt,Bayern,N,21529,Frank Kunz,CDU/CSU,zab@lava.saarland.de,,,,,,,
LRA Lindau / Bodensee,Lindau,Stadt,Bayern,N,25845,Claudia Alfons,Parteilos,poststelle@landkreis-lindau.de,,,,,,,
LRA Ostallgäu,Ostallgäu,Stadt,Bayern,N,#N/A,#N/A,#N/A,auslaenderbehoerde@lra-oal.bayern.de,,,,,,,
LRA Unterallgäu,Unterallgäu,Stadt,Bayern,N,#N/A,#N/A,#N/A,ausland@lra.unterallgaeu.de,,,,,,,
LRA Berchtesgadener Land,Berchtesgadener Land,Stadt,Bayern,N,#N/A,#N/A,#N/A,,,,,,,,
LRA Eichstätt,Eichstätt,Stadt,Bayern,N,13891,Josef Grienberger,CDU/CSU,auslaenderwesen@lra-ei.bayern.de,,,,,,,
LRA Neuburg-Schrobenhausen,Neuburg-Schrobenhausen,Stadt,Bayern,N,#N/A,#N/A,#N/A,auslaenderamt@lra-nd-sob.de,,,,,,,
LRA Freyung-Grafenau,Freyung-Grafenau,Stadt,Bayern,N,#N/A,#N/A,#N/A,ordnungsamt@lrabb.de,,,,,,,
LRA Rottal-Inn,Rottal-Inn,Stadt,Bayern,N,#N/A,#N/A,#N/A,auslaenderamt@landkreis-frg.de,,,,,,,
LRA Straubing-Bogen,Straubing-Bogen,Stadt,Bayern,N,#N/A,#N/A,#N/A,auslaenderamt@straubing.de,,,,,,,
LRA Dingolfing-Landau,Dingolfing-Landau,Stadt,Bayern,N,#N/A,#N/A,#N/A,auslaenderamt@landkreis-dingolfing-landau.de,,,,,,,
LRA Schwandorf,Schwandorf,Stadt,Bayern,N,29877,Andreas Feller,CDU/CSU,auslaenderamt@landkreis-schwandorf.de,,,,,,,
LRA Roth,Roth,Stadt,Bayern,N,25458,Christoph Rösch,SPD,auslaenderbehoerde@bitburg-pruem.de,,,,,,,
LRA Haßberge,Haßberge,Stadt,Bayern,N,#N/A,#N/A,#N/A,abh@kreis-ni.de,,,,,,,
LRA Aichach-Friedberg,Aichach-Friedberg,Stadt,Bayern,N,#N/A,#N/A,#N/A,aufenthaltsrecht@wetteraukreis.de,,,,,,,
LRA Augsburg,Augsburg,Stadt,Bayern,N,301105,Florian Freund,SPD,aufenthalt@augsburg.de,,,,,,,
LRA Günzburg,Günzburg,Stadt,Bayern,N,21423,Michael Jahn,SPD,auslaenderamt@landkreis-guenzburg.de,,,,,,,
LRA Neu-Ulm,Neu-Ulm,Stadt,Bayern,N,62641,Katrin Albsteiger,CDU/CSU,,,,,,,,
LRA Donau-Ries,Donau-Ries,Stadt,Bayern,N,#N/A,#N/A,#N/A,auslaenderamt@lra-donau-ries.de,,,,,,,
LRA Oberallgäu,Oberallgäu,Stadt,Bayern,N,#N/A,#N/A,#N/A,auslaenderamt@lra-oa.bayern.de,,,,,,,
LfAR Bayern,Bavaria,Stadt,Bayern,N,#N/A,#N/A,#N/A,poststelle@lra-fo.de,,,,,,,
LfAR Bayern - Zentralstelle Ausländerextremismus,Bavaria,Stadt,Bayern,N,#N/A,#N/A,#N/A,poststelle@lra-fo.de,,,,,,,
Regierung von Oberbayern,von Oberbayern,Stadt,Bayern,N,#N/A,#N/A,#N/A,auslaenderamt@kreis-fs.de,,,,,,,
ZAB Schwaben Augsburg,Schwaben Augsburg,Stadt,Bayern,N,#N/A,#N/A,#N/A,aufenthalt@augsburg.de,,,,,,,
ZAB Oberpfalz,Oberpfalz,Stadt,Bayern,N,#N/A,Markus Ochsenkühn,CDU/CSU,Auslaenderamt@amberg-sulzbach.de,,,,,,,
LAF Berlin (ABH),Berlin,Stadt,Berlin,N,3685265,#N/A,#N/A,service@bamf.bund.de,,,,,,,
LEA Berlin,Berlin,Stadt,Berlin,N,3685265,#N/A,#N/A,service@bamf.bund.de,,,,,,,
LRA Potsdam - Mittelmark,Potsdam-Mittelmark,Stadt,Brandenburg,N,#N/A,#N/A,#N/A,mia@rathaus.potsdam.de,,,,,,,
KRV Prignitz,Prignitz,Stadt,Brandenburg,N,#N/A,#N/A,#N/A,auslaenderbehoerde@lkprignitz.de,,,,,,,
LKR Uckermark,Uckermark,Stadt,Brandenburg,N,4278,#N/A,#N/A,abh@dahme-spreewald.de,,,,,,,
STV Brandenburg,Brandenburg,Stadt,Brandenburg,N,74113,Daniel Keip,SPD,auslaenderbehoerde@stadt-brandenburg.de,,,,,,,
KRV Teltow-Fläming,Teltow-Fläming,Stadt,Brandenburg,N,#N/A,#N/A,#N/A,fb2@potsdam-mittelmark.de,,,,,,,
KRV Ostprignitz - Ruppin,Ostprignitz-Ruppin,Stadt,Brandenburg,N,#N/A,#N/A,#N/A,auslaenderbehoerde@opr.de,,,,,,,
LKR Oberhavel,Oberhavel,Stadt,Brandenburg,N,#N/A,#N/A,#N/A,info@heidekreis.de,,,,,,,
STV Potsdam,Potsdam-Mittelmark,Stadt,Brandenburg,N,#N/A,#N/A,#N/A,mia@rathaus.potsdam.de,,,,,,,
KRV Havelland,Havelland,Stadt,Brandenburg,N,#N/A,#N/A,#N/A,fb2@potsdam-mittelmark.de,,,,,,,
KRV Oder-Spree,Oder-Spree,Stadt,Brandenburg,N,#N/A,#N/A,#N/A,beratung@lea.berlin.de,,,,,,,
LKR Barnim,Barnim,Stadt,Brandenburg,N,#N/A,#N/A,#N/A,beratung@lea.berlin.de,,,,,,,
ZABH und EAE Brandenburg,und EAE Brandenburg,Stadt,Brandenburg,N,#N/A,#N/A,#N/A,ordnungsamt@kreis-hz.de,,,,,,,
STV Frankfurt/Oder,Frankfurt,Stadt,Brandenburg,N,756021,Mike Josef,SPD,abh@frankfurt-oder.de,,,,,,,
LKR Märkisch-Oderland,Märkisch-Oderland,Stadt,Brandenburg,N,#N/A,#N/A,#N/A,auslaenderbehoerde@opr.de,,,,,,,
STV Schwedt,Schwedt,Stadt,Brandenburg,N,33730,#N/A,#N/A,ordnungsamt.stadt@schwedt.de,,,,,,,
StV Cottbus,Cottbus,Stadt,Brandenburg,N,95123,Tobias Schick,SPD,auslaenderbehoerde@cottbus.de,,,,,,,
LKR Elbe-Elster,Elbe-Elster,Stadt,Brandenburg,N,#N/A,#N/A,#N/A,info@lkwf.de,,,,,,,
KRV Dahme - Spreewald,Dahme-Spreewald,Stadt,Brandenburg,N,#N/A,#N/A,#N/A,auslaenderbehoerde@teltow-flaeming.de,,,,,,,
LKR Oberspreewald-Lausitz,Oberspreewald-Lausitz,Stadt,Brandenburg,N,#N/A,#N/A,#N/A,auslaenderbehoerde@lkee.de,,,,,,,
ZAST Bremen,Bremen,Stadt,Bremen,N,586271,#N/A,#N/A,service@bamf.bund.de,,,,,,,
STV Bremen,Bremen,Stadt,Bremen,N,586271,#N/A,#N/A,service@bamf.bund.de,,,,,,,
Freie Hansestadt Bremen,Bremen,Stadt,Bremen,N,586271,#N/A,#N/A,service@bamf.bund.de,,,,,,,
STV Bremerhaven,Bremerhaven,Stadt,Bremen,N,118610,Melf Grantz,SPD,auslaenderbehoerde@magistrat.bremerhaven.de,,,,,,,
Stadt Hamburg - BIS (Ausländerbehörde),Hamburg,Stadt,Hamburg,N,1862565,#N/A,#N/A,poststelle@amtfuermigration.hamburg.de,,,,,,,
ZAB Regierungspräsidium Kassel,Regierungspräsidium Kassel,Stadt,Hessen,N,#N/A,#N/A,#N/A,zuwanderung@kassel.de,,,,,,,
ABH Darmstadt,Darmstadt,Stadt,Hessen,N,167029,Hanno Benz,SPD,auslaenderbehoerde@darmstadt.de,,,,,,,
OB Frankfurt am Main,Frankfurt,Stadt,Hessen,N,756021,Mike Josef,SPD,abh@frankfurt-oder.de,,,,,,,
ABH Frankfurt am Main - Stadtpolizei ,Frankfurt,Stadt,Hessen,N,756021,Mike Josef,SPD,abh@frankfurt-oder.de,,,,,,,
ABH STV und KRV Kassel,STV und KRV Kassel,Stadt,Hessen,N,#N/A,#N/A,#N/A,zuwanderung@kassel.de,,,,,,,
OB Offenbach am Main,Offenbach am Main,Stadt,Hessen,N,132746,Felix Schwenke,SPD,auslaenderamt@offenbach.de,,,,,,,
OB Wiesbaden,Wiesbaden,Stadt,Hessen,N,288850,Gert-Uwe Mende,SPD,auslaenderbehoerde@wiesbaden.de,,,,,,,
STV Gießen,Gießen,Stadt,Hessen,N,89179,Frank-Tilo Becher,SPD,auslaenderbehoerde@giessen.de,,,,,,,
RP Darmstadt,Darmstadt,Stadt,Hessen,N,167029,Hanno Benz,SPD,auslaenderbehoerde@darmstadt.de,,,,,,,
LR Kreis Bergstraße,Bergstraße,Stadt,Hessen,N,27864,#N/A,#N/A,post@landkreis-heidenheim.de,,,,,,,
LK Darmstadt-Dieburg,Darmstadt-Dieburg,Stadt,Hessen,N,#N/A,#N/A,#N/A,auslaenderbehoerde@darmstadt.de,,,,,,,
LRA Gießen,Gießen,Stadt,Hessen,N,89179,Frank-Tilo Becher,SPD,auslaenderbehoerde@giessen.de,,,,,,,
LR Kreis Groß-Gerau,Groß-Gerau,Stadt,Hessen,N,25388,#N/A,#N/A,ala@kreisgg.de,,,,,,,
LR Kreis Offenbach,Offenbach,Stadt,Hessen,N,132746,Felix Schwenke,SPD,auslaenderamt@offenbach.de,,,,,,,
LKR Fulda,Fulda,Stadt,Hessen,N,65434,Heiko Wingenfeld,CDU/CSU,auslaenderbehoerde@landkreis-fulda.de,,,,,,,
LRA Hersfeld-Rotenburg,Hersfeld-Rotenburg,Stadt,Hessen,N,#N/A,#N/A,#N/A,auslaenderamt@lk-row.de,,,,,,,
ABH Marburg-Biedenkopf (HS Marburg),Marburg-Biedenkopf (HS Marburg,Stadt,Hessen,N,#N/A,#N/A,#N/A,ordnung@marburg-stadt.de,,,,,,,
LRA Waldeck-Frankenberg,Waldeck-Frankenberg,Stadt,Hessen,N,#N/A,#N/A,#N/A,os@lrashk.thueringen.de,,,,,,,
LRA Limburg-Weilburg,Limburg-Weilburg,Stadt,Hessen,N,#N/A,#N/A,#N/A,abh@limburg-weilburg.de,,,,,,,
STV Wetzlar,Wetzlar,Stadt,Hessen,N,54665,Manfred Wagner,SPD,auslaenderbehoerde@wetzlar.de,,,,,,,
OB Hanau,Hanau,Stadt,Hessen,N,97956,Claus Kaminsky,SPD,auslaenderbehoerde@hanau.de,,,,,,,
OB Bad Homburg v. d. Hoehe,Bad Homburg,Stadt,Hessen,N,56688,Alexander Hetjes,CDU/CSU,auslaenderwesen@bad-homburg.de,,,,,,,
STV Marburg,Marburg,Stadt,Hessen,N,73544,Thomas Spies,SPD,ordnung@marburg-stadt.de,,,,,,,
OB Rüsselsheim am Main,Rüsselsheim am Main,Stadt,Hessen,N,65627,Patrick Burghardt,CDU/CSU,auslaenderbehoerde@ruesselsheim.de,,,,,,,
ZAB Gießen beim RP,Gießen beim,Stadt,Hessen,N,#N/A,#N/A,#N/A,auslaenderbehoerde@lra-oal.bayern.de,,,,,,,
Stadtamt Hansestadt Rostock,Rostock,Stadt,Mecklenburg-Vorpommern,N,205307,Eva-Maria Kröger,Die Linke,auslaenderbehoerde@rostock.de,,,,,,,
LKR Rostock,Rostock,Stadt,Mecklenburg-Vorpommern,N,205307,Eva-Maria Kröger,Die Linke,auslaenderbehoerde@rostock.de,,,,,,,
LKR Vorpommern-Greifswald,Vorpommern-Greifswald,Stadt,Mecklenburg-Vorpommern,N,#N/A,#N/A,#N/A,auslaenderbehoerde@kreis-vg.de,,,,,,,
LKR Nordwestmecklenburg,Nordwestmecklenburg,Stadt,Mecklenburg-Vorpommern,N,#N/A,#N/A,#N/A,abh@nordwestmecklenburg.de,,,,,,,
LAiV Nostorf (ABH),Nostorf,Stadt,Mecklenburg-Vorpommern,N,#N/A,#N/A,#N/A,ordnungsamt@lkparchim.de,,,,,,,
LAiV Schwerin-Stern Buchholz (ABH),Schwerin-Stern Buchholz,Stadt,Mecklenburg-Vorpommern,N,#N/A,#N/A,#N/A,service@bamf.bund.de,,,,,,,
LAiV Schwerin-Stern Buchholz (ZAB f. d. Fachkräfteeinwanderung),Schwerin-Stern Buchholz (ZAB f. d. Fachkräfteeinwanderung,Stadt,Mecklenburg-Vorpommern,N,#N/A,#N/A,#N/A,aie@stadt-duisburg.de,,,,,,,
LKR Vorpommern-Rügen,Vorpommern-Rügen,Stadt,Mecklenburg-Vorpommern,N,#N/A,#N/A,#N/A,fd35@lk-vr.de,,,,,,,
LKR Ludwigslust - Parchim,Ludwigslust-Parchim,Stadt,Mecklenburg-Vorpommern,N,#N/A,#N/A,#N/A,ordnungsamt@lkparchim.de,,,,,,,
STV Schwerin,Schwerin,Stadt,Mecklenburg-Vorpommern,N,98308,Rico Badenschier,SPD,auslaenderbehorde@schwerin.de,,,,,,,
LKR Mecklenburg Seenplatte Neubrandenburg,Mecklenburg Seenplatte Neubrandenburg,Stadt,Mecklenburg-Vorpommern,N,#N/A,#N/A,#N/A,auslaenderbehoerde@lk-seenplatte.de,,,,,,,
LAB NI Hauptsitz,NI Hauptsitz,Stadt,Niedersachsen,N,#N/A,#N/A,#N/A,fd35@lk-vr.de,,,,,,,
LAB NI Ausländerrecht,NI Ausländerrecht,Stadt,Niedersachsen,N,#N/A,#N/A,#N/A,aufenthaltsrecht@wetteraukreis.de,,,,,,,
LAB NI Rückführung,NI Rückführung,Stadt,Niedersachsen,N,#N/A,#N/A,#N/A,aufenthaltsrecht@wetteraukreis.de,,,,,,,
STV Hameln,Hamelin,Stadt,Niedersachsen,N,#N/A,#N/A,#N/A,abh-asyl@landkreishildesheim.de,,,,,,,
LHH Hannover,Hannover,Stadt,Niedersachsen,N,522131,Belit Onay,Grüne,,,,,,,,
KRV Diepholz,Diepholz,Stadt,Niedersachsen,N,17648,#N/A,#N/A,abh@diepholz.de,,,,,,,
KRV Hameln-Pyrmont,Hameln-Pyrmont,Stadt,Niedersachsen,N,#N/A,#N/A,#N/A,zuwanderungundwohngeld@hameln.de,,,,,,,
Ausländerbehörde Region Hannover,Hanover Region,Stadt,Niedersachsen,N,#N/A,#N/A,#N/A,auslaenderbehoerde@hannover-stadt.de,,,,,,,
KRV Nienburg/Weser,"Nienburg, Lower Saxony",Stadt,Niedersachsen,N,#N/A,#N/A,#N/A,,,,,,,,
KRV Schaumburg,Schaumburg,Stadt,Niedersachsen,N,#N/A,#N/A,#N/A,aufenthaltsrecht@schaumburg.de,,,,,,,
STV Göttingen,Göttingen,Stadt,Niedersachsen,N,127259,Petra Broistedt,SPD,auslaenderstelle@goettingen.de,,,,,,,
STV Hildesheim,Hildesheim,Stadt,Niedersachsen,N,98510,Ingo Meyer,Parteilos,auslaenderstelle@stadt-hildesheim.de,,,,,,,
KRV Göttingen,Göttingen,Stadt,Niedersachsen,N,127259,Petra Broistedt,SPD,auslaenderstelle@goettingen.de,,,,,,,
KRV Hildesheim,Hildesheim,Stadt,Niedersachsen,N,98510,Ingo Meyer,Parteilos,auslaenderstelle@stadt-hildesheim.de,,,,,,,
KRV Holzminden,Holzminden,Stadt,Niedersachsen,N,18921,#N/A,#N/A,kreishaus@landkreis-holzminden.de,,,,,,,
LKR Northeim,Northeim,Stadt,Niedersachsen,N,27326,#N/A,#N/A,skasten@landkreis-northeim.de,,,,,,,
KRV Peine,Peine,Stadt,Niedersachsen,N,50987,#N/A,#N/A,auslaenderbehoerde@landkreis-peine.de,,,,,,,
STV Celle,Celle,Stadt,Niedersachsen,N,66834,Jörg Nigge,CDU/CSU,auslaenderstelle@celle.de,,,,,,,
Hansestadt Lüneburg,Lüneburg,Stadt,Niedersachsen,N,74785,Claudia Kalisch,Grüne,b332@stadt.lueneburg.de,,,,,,,
STV Wolfsburg,Wolfsburg,Stadt,Niedersachsen,N,129560,Dennis Weilmann,CDU/CSU,auslaenderstelle@stadt.wolfsburg.de,,,,,,,
KRV Celle,Celle,Stadt,Niedersachsen,N,66834,Jörg Nigge,CDU/CSU,auslaenderstelle@celle.de,,,,,,,
KRV Gifhorn,Gifhorn,Stadt,Niedersachsen,N,42726,#N/A,#N/A,auslaenderstelle@gifhorn.de,,,,,,,
KRV Harburg,Harburg,Stadt,Niedersachsen,N,5598,#N/A,#N/A,auslaenderamt@lra-donau-ries.de,,,,,,,
KRV Lüchow-Dannenberg,Lüchow-Dannenberg,Stadt,Niedersachsen,N,#N/A,#N/A,#N/A,auslaenderbehoerde@kreis-rz.de,,,,,,,
KRV Uelzen,Uelzen,Stadt,Niedersachsen,N,32821,#N/A,#N/A,info@landkreis-uelzen.de,,,,,,,
STV Cuxhaven,Cuxhaven,Stadt,Niedersachsen,N,49697,Uwe Santjer,SPD,auslaenderbehoerde@cuxhaven.de,,,,,,,
KRV Osterholz,Osterholz,Stadt,Niedersachsen,N,29710,#N/A,#N/A,info@ostalbkreis.de,,,,,,,
KRV Rotenburg,Rotenburg,Stadt,Niedersachsen,N,23117,#N/A,#N/A,auslaenderamt@lk-row.de,,,,,,,
KRV Stade,Stade,Stadt,Niedersachsen,N,48633,#N/A,#N/A,ordnungsamt@landkreis-stade.de,,,,,,,
KRV Verden,Verden,Stadt,Niedersachsen,N,27121,#N/A,#N/A,abh@landkreis-verden.de,,,,,,,
STV Osnabrück,Osnabrück,Stadt,Niedersachsen,N,166057,Katharina Pötter,CDU/CSU,auslaenderbehoerde@osnabrueck.de,,,,,,,
KRV Grafschaft Bentheim,Grafschaft Bentheim,Stadt,Niedersachsen,N,#N/A,#N/A,#N/A,joerg.schubert@aw-online.de,,,,,,,
STV Lingen,Lingen,Stadt,Niedersachsen,N,56498,Dieter Krone,Parteilos,auslaenderbehoerde@lingen.de,,,,,,,
KRV Osnabrück,Osnabrück,Stadt,Niedersachsen,N,166057,Katharina Pötter,CDU/CSU,auslaenderbehoerde@osnabrueck.de,,,,,,,
STV Emden,Emden,Stadt,Niedersachsen,N,49202,Tim Kruithoff,Parteilos,buenting@emden.de,,,,,,,
KRV Aurich,Aurich,Stadt,Niedersachsen,N,42612,#N/A,#N/A,auslaenderbehoerde@landkreis-aurich.de,,,,,,,
KRV Leer,Leer,Stadt,Niedersachsen,N,34025,#N/A,#N/A,abh@lkleer.de,,,,,,,
KRV Wittmund,Wittmund,Stadt,Niedersachsen,N,20037,#N/A,#N/A,landkreis@lk.wittmund.de,,,,,,,
STV Braunschweig,Braunschweig,Stadt,Niedersachsen,N,252962,Thorsten Kornblum,SPD,auslaenderbehoerde@braunschweig.de,,,,,,,
STV Salzgitter,Salzgitter,Stadt,Niedersachsen,N,104970,Frank Klingebiel,CDU/CSU,auslaenderstelle@stadt.salzgitter.de,,,,,,,
KRV Goslar,Goslar,Stadt,Niedersachsen,N,47419,Urte Schwerdtner,SPD,auslaenderbehoerde@landkreis-goslar.de,,,,,,,
KRV Helmstedt,Helmstedt,Stadt,Niedersachsen,N,25099,#N/A,#N/A,abh@landkreis-helmstedt.de,,,,,,,
KRV Wolfenbüttel,Wolfenbüttel,Stadt,Niedersachsen,N,52604,#N/A,#N/A,info@lkwf.de,,,,,,,
STV Delmenhorst,Delmenhorst,Stadt,Niedersachsen,N,81406,Petra Gerlach,CDU/CSU,andrea.diers@delmenhorst.de,,,,,,,
STV Oldenburg,Oldenburg,Stadt,Niedersachsen,N,176614,Jürgen Krogmann,SPD,auslaenderbuero@stadt-oldenburg.de,,,,,,,
STV Wilhelmshaven,Wilhelmshaven,Stadt,Niedersachsen,N,75745,Carsten Feist,Parteilos,ralf.janssen@stadt.wilhelmshaven.de,,,,,,,
KRV Ammerland,Ammerland,Stadt,Niedersachsen,N,#N/A,#N/A,#N/A,info@lra-toelz.de,,,,,,,
KRV Cloppenburg,Cloppenburg,Stadt,Niedersachsen,N,36565,#N/A,#N/A,abh@lkclp.de,,,,,,,
KRV Friesland,Friesland,Stadt,Niedersachsen,N,#N/A,#N/A,#N/A,buenting@emden.de,,,,,,,
LKR Oldenburg,Oldenburg,Stadt,Niedersachsen,N,176614,Jürgen Krogmann,SPD,auslaenderbuero@stadt-oldenburg.de,,,,,,,
LKR Vechta,Vechta,Stadt,Niedersachsen,N,33728,#N/A,#N/A,info@landkreis-vechta.de,,,,,,,
LK Wesermarsch,Wesermarsch,Stadt,Niedersachsen,N,#N/A,#N/A,#N/A,jens.wieking@lkbra.de,,,,,,,
ABH Landkreis Cuxhaven,Cuxhaven,Stadt,Niedersachsen,N,49697,Uwe Santjer,SPD,auslaenderbehoerde@cuxhaven.de,,,,,,,
KRV Emsland,Emsland,Stadt,Niedersachsen,N,#N/A,#N/A,#N/A,auslaenderbehoerde@ammerland.de,,,,,,,
Bezirksregierung Arnsberg,Arnsberg,Stadt,Nordrhein-Westfalen,N,74879,#N/A,#N/A,auslaenderamt@arnsberg.de,,,,,,,
ABH Stadt Elsdorf,Stadt Elsdorf,Stadt,Nordrhein-Westfalen,N,#N/A,#N/A,#N/A,auslaenderbehoerde@marburg-biedenkopf.de,,,,,,,
STV Dormagen,Dormagen,Stadt,Nordrhein-Westfalen,N,63799,#N/A,#N/A,auslaenderamt@stadt-dormagen.de,,,,,,,
STV Wesel,Wesel,Stadt,Nordrhein-Westfalen,N,60785,#N/A,#N/A,team74@wesel.de,,,,,,,
ZAB und EAE Bielefeld,und EAE Bielefeld,Stadt,Nordrhein-Westfalen,N,#N/A,#N/A,#N/A,auslaenderbehoerde@bielefeld.de,,,,,,,
STV Kerpen,Kerpen,Stadt,Nordrhein-Westfalen,N,66585,#N/A,#N/A,auslaenderamt@stadt-kerpen.de,,,,,,,
STV Bergheim,Bergheim,Stadt,Nordrhein-Westfalen,N,61611,#N/A,#N/A,auslaenderamt@bergheim.de,,,,,,,
StädteRegion Aachen,Aachen,Stadt,Nordrhein-Westfalen,N,262670,Michael Ziemons,CDU/CSU,auslaenderamt@staedteregion-aachen.de,,,,,,,
KRV Düren,Düren,Stadt,Nordrhein-Westfalen,N,94568,#N/A,#N/A,mail@kreis-dueren.de,,,,,,,
STV Troisdorf,Troisdorf,Stadt,Nordrhein-Westfalen,N,75901,#N/A,#N/A,rathaus@troisdorf.de,,,,,,,
KRV Heinsberg,Heinsberg,Stadt,Nordrhein-Westfalen,N,43163,#N/A,#N/A,auslaenderangelegenheiten@kreis-heinsberg.de,,,,,,,
STV Bochum,Bochum,Stadt,Nordrhein-Westfalen,N,358676,Jörg Lukat,SPD,amt33@bochum.de,,,,,,,
STV Castrop-Rauxel,Castrop-Rauxel,Stadt,Nordrhein-Westfalen,N,73282,#N/A,#N/A,alw@castrop-rauxel.de,,,,,,,
STV Dortmund,Dortmund,Stadt,Nordrhein-Westfalen,N,603462,Alexander Kalouti,CDU/CSU,auslaenderteam1@stadtdo.de,,,,,,,
STV Hagen,Hagen,Stadt,Nordrhein-Westfalen,N,190384,Dennis Rehbein,CDU/CSU,ordnungsamt@stadt-hagen.de,,,,,,,
Stadt Hamm Ausländer- und Flüchtlingsamt,Hamm Ausländer- und Flüchtlingsamt,Stadt,Nordrhein-Westfalen,N,#N/A,#N/A,#N/A,abh@kreis-wesel.de,,,,,,,
STV Herne,Herne,Stadt,Nordrhein-Westfalen,N,155851,Frank Dudda,SPD,auslaenderamt@herne.de,,,,,,,
STV Iserlohn,Iserlohn,Stadt,Nordrhein-Westfalen,N,91811,#N/A,#N/A,integration-aufenthaltsrecht@iserlohn.de,,,,,,,
STV Lünen,Lünen,Stadt,Nordrhein-Westfalen,N,86163,#N/A,#N/A,auslaenderwesen@luenen.de,,,,,,,
STV Witten,Witten,Stadt,Nordrhein-Westfalen,N,91808,Torsten Zugehör,Parteilos,auslaenderbehoerde@stadt-witten.de,,,,,,,
KRV Olpe,Olpe,Stadt,Nordrhein-Westfalen,N,24695,#N/A,#N/A,auslaenderbehoerde@kreis-olpe.de,,,,,,,
KRV Siegen-Wittgenstein,Siegen-Wittgenstein,Stadt,Nordrhein-Westfalen,N,#N/A,#N/A,#N/A,abh@siegen.de,,,,,,,
KRV Soest,Soest,Stadt,Nordrhein-Westfalen,N,47776,#N/A,#N/A,aufenthalt@kreis-soest.de,,,,,,,
KRV Unna,Unna,Stadt,Nordrhein-Westfalen,N,58333,#N/A,#N/A,fb32@kreis-unna.de,,,,,,,
ZAB Kreis Unna,Unna,Stadt,Nordrhein-Westfalen,N,58333,#N/A,#N/A,fb32@kreis-unna.de,,,,,,,
STV Bielefeld,Bielefeld,Stadt,Nordrhein-Westfalen,N,331605,Christiana Bauer,CDU/CSU,auslaenderbehoerde@bielefeld.de,,,,,,,
STV Herford,Herford,Stadt,Nordrhein-Westfalen,N,67503,#N/A,#N/A,auslaenderbuero@herford.de,,,,,,,
KRV Lippe,Lippe,Stadt,Nordrhein-Westfalen,N,#N/A,#N/A,#N/A,f.lindner@siegen-wittgenstein.de,,,,,,,
KRV Herford,Herford,Stadt,Nordrhein-Westfalen,N,67503,#N/A,#N/A,auslaenderbuero@herford.de,,,,,,,
KRV Höxter,Höxter,Stadt,Nordrhein-Westfalen,N,28166,#N/A,#N/A,auslaenderbehoerde@kreis-hoexter.de,,,,,,,
KRV Minden-Lübbecke,Minden-Lübbecke,Stadt,Nordrhein-Westfalen,N,#N/A,#N/A,#N/A,abh@minden.de,,,,,,,
KRV Paderborn,Paderborn,Stadt,Nordrhein-Westfalen,N,156378,#N/A,#N/A,auslaenderabteilung@paderborn.de,,,,,,,
KRV Gütersloh,Gütersloh,Stadt,Nordrhein-Westfalen,N,100479,#N/A,#N/A,abh@guetersloh.de,,,,,,,
STV Düsseldorf,Düsseldorf,Stadt,Nordrhein-Westfalen,N,618685,Stephan Keller,CDU/CSU,abh-backoffice@duesseldorf.de,,,,,,,
STV Duisburg,Duisburg,Stadt,Nordrhein-Westfalen,N,502270,Sören Link,SPD,aie@stadt-duisburg.de,,,,,,,
ABH Stadt Essen,Stadt Essen,Stadt,Nordrhein-Westfalen,N,#N/A,#N/A,#N/A,auslaenderbehoerde@einwohneramt.essen.de,,,,,,,
ZAB Essen,Essen,Stadt,Nordrhein-Westfalen,N,574682,Thomas Kufen,CDU/CSU,auslaenderbehoerde@einwohneramt.essen.de,,,,,,,
STV Krefeld,Krefeld,Stadt,Nordrhein-Westfalen,N,231406,Frank Meyer,SPD,auslaenderamt@krefeld.de,,,,,,,
STV Leverkusen,Leverkusen,Stadt,Nordrhein-Westfalen,N,168581,Stefan Hebbel,CDU/CSU,333abh@stadt.leverkusen.de,,,,,,,
STV Mönchengladbach,Mönchengladbach,Stadt,Nordrhein-Westfalen,N,267213,Felix Heinrichs,SPD,auslaenderwesen@moenchengladbach.de,,,,,,,
BezReg Münster RRK,Münster,Stadt,Nordrhein-Westfalen,N,308258,Tilman Fuchs,Grüne,auslaenderamt@stadt-muenster.de,,,,,,,
STV Mülheim/Ruhr,Mülheim,Stadt,Nordrhein-Westfalen,N,173050,Marc Buchholz,CDU/CSU,auslaenderbehoerde@muelheim-ruhr.de,,,,,,,
Integrationsamt Neuss,Neuss,Stadt,Nordrhein-Westfalen,N,154317,#N/A,#N/A,migration@stadt.neuss.de,,,,,,,
STV Oberhausen,Oberhausen,Stadt,Nordrhein-Westfalen,N,213646,Thorsten Berg,SPD,fachbereich.auslaenderangelegenheiten@oberhausen.de,,,,,,,
STV Remscheid,Remscheid,Stadt,Nordrhein-Westfalen,N,113828,Sven Wolf,SPD,auslaenderamt@remscheid.de,,,,,,,
STV Solingen,Solingen,Stadt,Nordrhein-Westfalen,N,165626,Daniel Flemm,CDU/CSU,ala@solingen.de,,,,,,,
STV Viersen,Viersen,Stadt,Nordrhein-Westfalen,N,78373,#N/A,#N/A,auslaenderangelegenheiten@viersen.de,,,,,,,
STV Wuppertal,Wuppertal,Stadt,Nordrhein-Westfalen,N,358193,Miriam Scherff,SPD,auslaenderbehoerde@stadt.wuppertal.de,,,,,,,
KRV Mettmann,Mettmann,Stadt,Nordrhein-Westfalen,N,39542,#N/A,#N/A,auslaenderbehoerde@kreis-mettmann.de,,,,,,,
KRV Viersen,Viersen,Stadt,Nordrhein-Westfalen,N,78373,#N/A,#N/A,auslaenderangelegenheiten@viersen.de,,,,,,,
KRV Kleve,Kleve,Stadt,Nordrhein-Westfalen,N,53028,#N/A,#N/A,abh@steinburg.de,,,,,,,
KRV Wesel,Wesel,Stadt,Nordrhein-Westfalen,N,60785,#N/A,#N/A,team74@wesel.de,,,,,,,
STV Bonn,Bonn,Stadt,Nordrhein-Westfalen,N,323336,Guido Déus,CDU/CSU,auslaenderamt@bonn.de,,,,,,,
STV Köln,Köln,Stadt,Nordrhein-Westfalen,N,1024621,Torsten Burmester,SPD,auslaenderamt-info@stadt-koeln.de,,,,,,,
ZAB Köln,Köln,Stadt,Nordrhein-Westfalen,N,1024621,Torsten Burmester,SPD,auslaenderamt-info@stadt-koeln.de,,,,,,,
Bezirksregierung Köln,Köln,Stadt,Nordrhein-Westfalen,N,1024621,Torsten Burmester,SPD,auslaenderamt-info@stadt-koeln.de,,,,,,,
Bezirksregierung Köln ZFE,Köln,Stadt,Nordrhein-Westfalen,N,1024621,Torsten Burmester,SPD,auslaenderamt-info@stadt-koeln.de,,,,,,,
KRV Euskirchen,Euskirchen,Stadt,Nordrhein-Westfalen,N,60021,#N/A,#N/A,auslaenderamt@kreis-euskirchen.de,,,,,,,
STV Bocholt,"Bocholt, Germany",Stadt,Nordrhein-Westfalen,N,#N/A,#N/A,#N/A,,,,,,,,
STV Bottrop,Bottrop,Stadt,Nordrhein-Westfalen,N,118535,Matthias Buschfeld,SPD,auslaenderbehoerde@bottrop.de,,,,,,,
STV Gelsenkirchen,Gelsenkirchen,Stadt,Nordrhein-Westfalen,N,267930,Andrea Henze,SPD,auslaenderbehoerde@gelsenkirchen.de,,,,,,,
STV Gladbeck,Gladbeck,Stadt,Nordrhein-Westfalen,N,75499,#N/A,#N/A,auslaenderamt@stadt-gladbeck.de,,,,,,,
STV Münster,Münster,Stadt,Nordrhein-Westfalen,N,308258,Tilman Fuchs,Grüne,auslaenderamt@stadt-muenster.de,,,,,,,
STV Recklinghausen,Recklinghausen,Stadt,Nordrhein-Westfalen,N,115344,#N/A,#N/A,auslaenderamt@recklinghausen.de,,,,,,,
KRV Borken,Borken,Stadt,Nordrhein-Westfalen,N,43035,#N/A,#N/A,Auslaenderbehoerde@Schwalm-Eder-Kreis.de,,,,,,,
KRV Coesfeld,Coesfeld,Stadt,Nordrhein-Westfalen,N,38237,#N/A,#N/A,auslaenderbehoerde@kreis-coesfeld.de,,,,,,,
ZAB Coesfeld,Coesfeld,Stadt,Nordrhein-Westfalen,N,38237,#N/A,#N/A,auslaenderbehoerde@kreis-coesfeld.de,,,,,,,
KRV Recklinghausen,Recklinghausen,Stadt,Nordrhein-Westfalen,N,115344,#N/A,#N/A,auslaenderamt@recklinghausen.de,,,,,,,
KRV Steinfurt,Steinfurt,Stadt,Nordrhein-Westfalen,N,34860,#N/A,#N/A,post@kreis-steinfurt.de,,,,,,,
KRV Warendorf,Warendorf,Stadt,Nordrhein-Westfalen,N,37703,#N/A,#N/A,verwaltung@kreis-warendorf.de,,,,,,,
STV Arnsberg,Arnsberg,Stadt,Nordrhein-Westfalen,N,74879,#N/A,#N/A,auslaenderamt@arnsberg.de,,,,,,,
STV Lippstadt,Lippstadt,Stadt,Nordrhein-Westfalen,N,68739,#N/A,#N/A,post@stadt-lippstadt.de,,,,,,,
STV Siegen,Siegen,Stadt,Nordrhein-Westfalen,N,102685,#N/A,#N/A,abh@siegen.de,,,,,,,
STV Detmold,Detmold,Stadt,Nordrhein-Westfalen,N,74278,#N/A,#N/A,auslaenderbehoerde@detmold.de,,,,,,,
BezReg Detmold RRK,Detmold,Stadt,Nordrhein-Westfalen,N,74278,#N/A,#N/A,auslaenderbehoerde@detmold.de,,,,,,,
STV Gütersloh,Gütersloh,Stadt,Nordrhein-Westfalen,N,100479,#N/A,#N/A,abh@guetersloh.de,,,,,,,
STV Minden,Minden,Stadt,Nordrhein-Westfalen,N,84013,#N/A,#N/A,abh@minden.de,,,,,,,
STV Paderborn,Paderborn,Stadt,Nordrhein-Westfalen,N,156378,#N/A,#N/A,auslaenderabteilung@paderborn.de,,,,,,,
STV Moers,Moers,Stadt,Nordrhein-Westfalen,N,101503,#N/A,#N/A,auslaenderbehoerde@moers.de,,,,,,,
STV Dorsten,Dorsten,Stadt,Nordrhein-Westfalen,N,75277,#N/A,#N/A,auslaenderbehoerde@dorsten.de,,,,,,,
STV Herten,Herten,Stadt,Nordrhein-Westfalen,N,60941,#N/A,#N/A,auslaenderbehoerde@herten.de,,,,,,,
STV Marl,Marl,Stadt,Nordrhein-Westfalen,N,86766,#N/A,#N/A,auslaenderamt@marl.de,,,,,,,
STV Rheine,Rheine,Stadt,Nordrhein-Westfalen,N,77209,#N/A,#N/A,abh@rheine.de,,,,,,,
Bezirksregierung Düsseldorf,Düsseldorf,Stadt,Nordrhein-Westfalen,N,618685,Stephan Keller,CDU/CSU,abh-backoffice@duesseldorf.de,,,,,,,
STV Dinslaken,Dinslaken,Stadt,Nordrhein-Westfalen,N,66993,#N/A,#N/A,information@dinslaken.de,,,,,,,
STV Ludwigshafen,Ludwigshafen,Stadt,Rheinland-Pfalz,N,177222,Klaus Blettner,CDU/CSU,aufenthaltsrecht@ludwigshafen.de,,,,,,,
STV Frankenthal,Frankenthal,Stadt,Rheinland-Pfalz,N,48140,Nicolas Meyer,FWG,Auslaenderamt@lra-bautzen.de,,,,,,,
STV Kaiserslautern,Kaiserslautern,Stadt,Rheinland-Pfalz,N,100426,Beate Kimmel,SPD,auslaenderbehoerde@kaiserslautern.de,,,,,,,
ZABH für Fachkräfteeinwanderung Rheinland-Pfalz,für Fachkräfteeinwanderung Rheinland-Pfalz,Stadt,Rheinland-Pfalz,N,#N/A,#N/A,#N/A,post@kreis-badkreuznach.de,,,,,,,
STV Landau,Landau,Stadt,Rheinland-Pfalz,N,48209,Dominik Geißler,CDU/CSU,auslaenderbehoerde@landau.de,,,,,,,
STV Neustadt/Weinstraße,Neustadt an der Weinstraße,Stadt,Rheinland-Pfalz,N,52945,Marc Weigel,FWG,auslaenderbehoerde@stadt-nw.de,,,,,,,
STV Pirmasens,Pirmasens,Stadt,Rheinland-Pfalz,N,39761,Markus Zwick,CDU/CSU,auslaenderamt@pirmasens.de,,,,,,,
STV Speyer,Speyer,Stadt,Rheinland-Pfalz,N,49564,Stefanie Seiler,SPD,auslaenderwesen@stadt-speyer.de,,,,,,,
ABH Stadt Speyer Außenstelle LEA,Stadt Speyer Außenstelle,Stadt,Rheinland-Pfalz,N,#N/A,#N/A,#N/A,auslaenderbehoerde@stadt-nw.de,,,,,,,
STV Zweibrücken,Zweibrücken,Stadt,Rheinland-Pfalz,N,33323,Marold Wosnitza,SPD,auslaenderwesen@zweibruecken.de,,,,,,,
KRV Bad Dürkheim,Bad Dürkheim,Stadt,Rheinland-Pfalz,N,19159,#N/A,#N/A,info@kreis-bad-duerkheim.de,,,,,,,
KRV Germersheim,Germersheim,Stadt,Rheinland-Pfalz,N,21715,#N/A,#N/A,kreisverwaltung@kreis-germersheim.de,,,,,,,
KRV Kaiserslautern,Kaiserslautern,Stadt,Rheinland-Pfalz,N,100426,Beate Kimmel,SPD,auslaenderbehoerde@kaiserslautern.de,,,,,,,
ABH Kusel (Standort KRV Kusel),Kusel (Standort KRV Kusel,Stadt,Rheinland-Pfalz,N,#N/A,#N/A,#N/A,fb-ordnung@lkjl.de,,,,,,,
ABH Kusel (Standort AfA Kusel),Kusel (Standort AfA Kusel,Stadt,Rheinland-Pfalz,N,#N/A,#N/A,#N/A,fb-ordnung@lkjl.de,,,,,,,
KRV Südliche Weinstraße,Südliche Weinstraße,Stadt,Rheinland-Pfalz,N,#N/A,#N/A,#N/A,auslaenderbehoerde@kreis-vg.de,,,,,,,
KRV Südwestpfalz,Südwestpfalz,Stadt,Rheinland-Pfalz,N,#N/A,#N/A,#N/A,abh@siegen.de,,,,,,,
STV Koblenz,Koblenz,Stadt,Rheinland-Pfalz,N,113378,David Langner,SPD,ordnungsamt@stadt.koblenz.de,,,,,,,
KRV Ahrweiler,Ahrweiler,Stadt,Rheinland-Pfalz,N,27961,#N/A,#N/A,joerg.schubert@aw-online.de,,,,,,,
KRV Altenkirchen,Altenkirchen,Stadt,Rheinland-Pfalz,N,6758,#N/A,#N/A,fd35@lk-vr.de,,,,,,,
KRV Birkenfeld,Birkenfeld,Stadt,Rheinland-Pfalz,N,7062,#N/A,#N/A,r.simon@landkreis-birkenfeld.de,,,,,,,
KRV Cochem-Zell,Cochem-Zell,Stadt,Rheinland-Pfalz,N,#N/A,#N/A,#N/A,auslaenderbehoerde@cochem-zell.de,,,,,,,
KRV Mayen-Koblenz,Mayen-Koblenz,Stadt,Rheinland-Pfalz,N,#N/A,#N/A,#N/A,auslaenderbehoerde@kvmyk.de,,,,,,,
KRV Bad Kreuznach,Bad Kreuznach,Stadt,Rheinland-Pfalz,N,54168,Emanuel Letz,FDP,post@kreis-badkreuznach.de,,,,,,,
KRV Neuwied,Neuwied,Stadt,Rheinland-Pfalz,N,67083,Jan Einig,CDU/CSU,auslaenderbehoerde@kreis-neuwied.de,,,,,,,
STV Mainz,Mainz,Stadt,Rheinland-Pfalz,N,224684,Nino Haase,Parteilos,buergeramt@stadt.mainz.de,,,,,,,
STV Worms,Worms,Stadt,Rheinland-Pfalz,N,86753,Adolf Kessel,CDU/CSU,auslaenderbehoerde@worms.de,,,,,,,
KRV Alzey-Worms,Alzey,Stadt,Rheinland-Pfalz,N,19468,#N/A,#N/A,kraemer.steffen@alzey-worms.de,,,,,,,
KRV Mainz-Bingen,Mainz,Stadt,Rheinland-Pfalz,N,224684,Nino Haase,Parteilos,buergeramt@stadt.mainz.de,,,,,,,
STV Trier (ABH Thyrsusstraße),Trier,Stadt,Rheinland-Pfalz,N,104342,Wolfram Leibe,SPD,auslaenderbehoerde@trier.de,,,,,,,
STV Trier (ABH Außenstelle),Trier,Stadt,Rheinland-Pfalz,N,104342,Wolfram Leibe,SPD,auslaenderbehoerde@trier.de,,,,,,,
ABH Bitburg-Prüm (Trierer Str),Bitburg,Stadt,Rheinland-Pfalz,N,15554,#N/A,#N/A,auslaenderbehoerde@bitburg-pruem.de,,,,,,,
ABH Bitburg-Prüm (AfA),Bitburg,Stadt,Rheinland-Pfalz,N,15554,#N/A,#N/A,auslaenderbehoerde@bitburg-pruem.de,,,,,,,
KRV Vulkaneifel,Vulkaneifel,Stadt,Rheinland-Pfalz,N,#N/A,#N/A,#N/A,auslaenderbehoerde@cochem-zell.de,,,,,,,
KRV Trier-Saarburg,Saarburg,Stadt,Rheinland-Pfalz,N,7504,#N/A,#N/A,auslaenderbehoerde@trier-saarburg.de,,,,,,,
LK Trier-Saarburg AfA,Saarburg,Stadt,Rheinland-Pfalz,N,7504,#N/A,#N/A,auslaenderbehoerde@trier-saarburg.de,,,,,,,
KRV Bernkastel-Wittlich,Wittlich,Stadt,Rheinland-Pfalz,N,19049,#N/A,#N/A,team-abh@Bernkastel-Wittlich.de,,,,,,,
ZAB Lebach,Lebach,Stadt,Saarland,N,19468,#N/A,#N/A,service@bamf.bund.de,,,,,,,
LRA Bautzen,Bautzen,Stadt,Sachsen,N,37566,Karsten Vogt,CDU/CSU,Auslaenderamt@lra-bautzen.de,,,,,,,
STV Dresden,Dresden,Stadt,Sachsen,N,564904,Dirk Hilbert,FDP,auslaenderbehoerde@dresden.de,,,,,,,
LRA Meißen,Meißen,Stadt,Sachsen,N,28753,Markus Renner,Parteilos,ordnungsamt@kreis-meissen.de,,,,,,,
LKR Görlitz,Görlitz,Stadt,Sachsen,N,55186,Octavian Ursu,CDU/CSU,auslaenderbehoerde@kreis-gr.de,,,,,,,
LRA Sächs. Schweiz-Osterzgeb.,Sächs. Schweiz-Osterzgeb,Stadt,Sachsen,N,#N/A,#N/A,#N/A,auslaenderbehoerde@landkreis-mittelsachsen.de,,,,,,,
Landkreis Leipzig,Leipzig,Stadt,Sachsen,N,611850,Burkhard Jung,SPD,auslaender-leipzig@leipzig.de,,,,,,,
Stadt Leipzig,Leipzig,Stadt,Sachsen,N,611850,Burkhard Jung,SPD,auslaender-leipzig@leipzig.de,,,,,,,
LKR Nordsachsen,Nordsachsen,Stadt,Sachsen,N,#N/A,#N/A,#N/A,info@kaufbeuren.de,,,,,,,
LKR Mittelsachsen,Mittelsachsen,Stadt,Sachsen,N,#N/A,#N/A,#N/A,auslaenderbehoerde@landkreis-fulda.de,,,,,,,
Landratsamt Zwickau,Zwickau,Stadt,Sachsen,N,87410,Constance Arndt,Parteilos,auslaender@landkreis-zwickau.de,,,,,,,
STV Chemnitz,Chemnitz,Stadt,Sachsen,N,245618,Sven Schulze,SPD,auslaenderbehoerde@stadt-chemnitz.de,,,,,,,
ZAB Chemnitz,Chemnitz,Stadt,Sachsen,N,245618,Sven Schulze,SPD,auslaenderbehoerde@stadt-chemnitz.de,,,,,,,
EAE Dresden,Dresden,Stadt,Sachsen,N,564904,Dirk Hilbert,FDP,auslaenderbehoerde@dresden.de,,,,,,,
EAE Chemnitz,Chemnitz,Stadt,Sachsen,N,245618,Sven Schulze,SPD,auslaenderbehoerde@stadt-chemnitz.de,,,,,,,
EAE Leipzig,Leipzig,Stadt,Sachsen,N,611850,Burkhard Jung,SPD,auslaender-leipzig@leipzig.de,,,,,,,
LKR Harz-Außenstelle ZASt,Harz-Außenstelle ZASt,Stadt,Sachsen-Anhalt,N,#N/A,#N/A,#N/A,auslaenderamt@lra-ed.de,,,,,,,
LKR Jerichower Land,Jerichower Land,Stadt,Sachsen-Anhalt,N,#N/A,#N/A,#N/A,fb-ordnung@lkjl.de,,,,,,,
LKR Harz,Harz,Stadt,Sachsen-Anhalt,N,21598,#N/A,#N/A,auslaenderwesen@lrandh.thueringen.de,,,,,,,
LKR Börde,Börde,Stadt,Sachsen-Anhalt,N,13724,#N/A,#N/A,auslaenderbehoerde@kreis-slk.de,,,,,,,
LHS Magdeburg,Magdeburg,Stadt,Sachsen-Anhalt,N,244329,Simone Borris,Parteilos,abh-zentrale@ewo.magdeburg.de,,,,,,,
LRA Stendal Hauptstandort,Stendal Hauptstandort,Stadt,Sachsen-Anhalt,N,#N/A,#N/A,#N/A,ordnungsamt@landkreis-stendal.de,,,,,,,
LRA Stendal Nebenstandort in der Landeserstaufnahmeeinrichtung Stendal,Stendal Nebenstandort in der Landeserstaufnahmeeinrichtung Stendal,Stadt,Sachsen-Anhalt,N,#N/A,#N/A,#N/A,ordnungsamt@landkreis-stendal.de,,,,,,,
STV Dessau-Roßlau,Dessau-Roßlau,Stadt,Sachsen-Anhalt,N,75402,Robert Reck,Parteilos,buergeramt@dessau-rosslau.de,,,,,,,
STV Halle,Halle,Stadt,Sachsen-Anhalt,N,226767,Alexander Vogt,Parteilos,buergerservice@halle.de,,,,,,,
LKR Anhalt - Bitterfeld,Anhalt-Bitterfeld,Stadt,Sachsen-Anhalt,N,#N/A,#N/A,#N/A,doreen.arnold@anhalt-bitterfeld.de,,,,,,,
LKR Mansfeld - Südharz,Mansfeld-Südharz,Stadt,Sachsen-Anhalt,N,#N/A,#N/A,#N/A,ordnungsamt@mansfeldsuedharz.de,,,,,,,
LKR Wittenberg,Wittenberg,Stadt,Sachsen-Anhalt,N,45249,Torsten Zugehör,Parteilos,auslaenderbehoerde-wb@landkreis.wittenberg.de,,,,,,,
Zentrale Abschiebestelle des Landes Sachsen-Anhalt,Abschiebestelle des Landes Sachsen-Anhalt,Stadt,Sachsen-Anhalt,N,#N/A,#N/A,#N/A,doreen.arnold@anhalt-bitterfeld.de,,,,,,,
SMD ABH Sachsen-Anhalt,ABH Sachsen-Anhalt,Stadt,Sachsen-Anhalt,N,#N/A,#N/A,#N/A,aufenthaltsrecht@schaumburg.de,,,,,,,
LaZuF - LUK Boostedt,LUK Boostedt,Stadt,Schleswig-Holstein,N,#N/A,#N/A,#N/A,auslaenderbehoerde@kreis-segeberg.de,,,,,,,
LaZuF - LUK Rendsburg,LUK Rendsburg,Stadt,Schleswig-Holstein,N,#N/A,#N/A,#N/A,abh@kreis-rd.de,,,,,,,
LaZuF - LUK Bad Segeberg,Luká,Stadt,Schleswig-Holstein,N,#N/A,#N/A,#N/A,auslaenderamt@landkreis-schwandorf.de,,,,,,,
LaZuF - LUK Seeth,LUK Seeth,Stadt,Schleswig-Holstein,N,#N/A,#N/A,#N/A,auslaenderbehoerde@nordfriesland.de,,,,,,,
LaZuF - LUK Glücksstadt,LUK Glücksstadt,Stadt,Schleswig-Holstein,N,#N/A,#N/A,#N/A,abh@steinburg.de,,,,,,,
LaZuF - LUK Kiel,LUK Kiel,Stadt,Schleswig-Holstein,N,#N/A,#N/A,#N/A,auslaenderbehoerde-wb@landkreis.wittenberg.de,,,,,,,
LaZuf - LUK Fahrenkrug,LUK Fahrenkrug,Stadt,Schleswig-Holstein,N,#N/A,#N/A,#N/A,auslaenderbehoerde@kreis-segeberg.de,,,,,,,
STV Flensburg,Flensburg,Stadt,Schleswig-Holstein,N,96326,Fabian Geyer,Parteilos,einwanderungsbuero@flensburg.de,,,,,,,
LHS Kiel,Kiel,Stadt,Schleswig-Holstein,N,252668,Samet Yilmaz,Grüne,auslaenderangelegenheiten@kiel.de,,,,,,,
STV Neumünster,Neumünster,Stadt,Schleswig-Holstein,N,79809,Tobias Bergmann,SPD,auslaenderbehoerde@neumuenster.de,,,,,,,
STV Lübeck,Lübeck,Stadt,Schleswig-Holstein,N,216889,#N/A,#N/A,ordnungsamt@luebeck.de,,,,,,,
KRV Ostholstein,Ostholstein,Stadt,Schleswig-Holstein,N,#N/A,#N/A,#N/A,auslaenderbehoerde@kreis-oh.de,,,,,,,
KRV Nordfriesland,Nordfriesland,Stadt,Schleswig-Holstein,N,#N/A,#N/A,#N/A,poststelle@amtfuermigration.hamburg.de,,,,,,,
KRV Herzogtum Lauenburg,District of Duchy of Lauenburg,Stadt,Schleswig-Holstein,N,#N/A,#N/A,#N/A,auslaenderwesen@lra-deg.bayern.de,,,,,,,
KRV Dithmarschen,Dithmarschen,Stadt,Schleswig-Holstein,N,#N/A,#N/A,#N/A,abh@steinburg.de,,,,,,,
KRV Pinneberg,Pinneberg,Stadt,Schleswig-Holstein,N,44865,#N/A,#N/A,abh@kreis-pinneberg.de,,,,,,,
KRV Plön,Plön,Stadt,Schleswig-Holstein,N,8844,#N/A,#N/A,abh@kreis-ploen.de,,,,,,,
KRV Rendsburg-Eckernfoerde,Rendsburg,Stadt,Schleswig-Holstein,N,30633,#N/A,#N/A,abh@kreis-rd.de,,,,,,,
KRV Schleswig-Flensburg,Schleswig,Stadt,Schleswig-Holstein,N,25352,#N/A,#N/A,kreis@schleswig-flensburg.de,,,,,,,
KRV Segeberg,Segeberg,Stadt,Schleswig-Holstein,N,18399,#N/A,#N/A,auslaenderbehoerde@kreis-segeberg.de,,,,,,,
KRV Steinburg,Steinburg,Stadt,Schleswig-Holstein,N,#N/A,#N/A,#N/A,info@kreis-stormarn.de,,,,,,,
KRV Stormarn,Stormarn,Stadt,Schleswig-Holstein,N,#N/A,#N/A,#N/A,info@kreis-stormarn.de,,,,,,,
LaZuF - Neumünster,Neumünster,Stadt,Schleswig-Holstein,N,79809,Tobias Bergmann,SPD,auslaenderbehoerde@neumuenster.de,,,,,,,
LaZuF - ZSFE,Zu,Stadt,Schleswig-Holstein,N,#N/A,#N/A,#N/A,,,,,,,,
LaZuF - LZF 34,Zu,Stadt,Schleswig-Holstein,N,#N/A,#N/A,#N/A,,,,,,,,
Clearingstelle Thüringer Landesverwaltungsamt,Thüringer Landesverwaltungsamt,Stadt,Thüringen,N,#N/A,#N/A,#N/A,abh@kyffhaeuser.de,,,,,,,
LRA Weimarer Land,Weimarer Land,Stadt,Thüringen,N,#N/A,#N/A,#N/A,auslaenderbehoerde@landshut.de,,,,,,,
STV Erfurt,Erfurt,Stadt,Thüringen,N,218793,Andreas Horn,CDU/CSU,auslaenderbehoerde@erfurt.de,,,,,,,
LRA Gotha,Gotha,Stadt,Thüringen,N,46400,Knut Kreuch,SPD,auslaender@kreis-gth.de,,,,,,,
LRA Nordhausen,Nordhausen,Stadt,Thüringen,N,40767,Kai Buchmann,Parteilos,auslaenderwesen@lrandh.thueringen.de,,,,,,,
LRA Sömmerda,Sömmerda,Stadt,Thüringen,N,18503,#N/A,#N/A,auslaenderbehoerde@lra-soemmerda.de,,,,,,,
STV Weimar,Weimar,Stadt,Thüringen,N,65954,Peter Kleine,Parteilos,auslaenderbehoerde@marburg-biedenkopf.de,,,,,,,
LRA Eichsfeld,Eichsfeld,Stadt,Thüringen,N,#N/A,#N/A,#N/A,auslaenderbehoerde@landkreis-peine.de,,,,,,,
STV Gera,Gera,Stadt,Thüringen,N,95608,Kurt Dannenberg,CDU/CSU,auslaenderwesen@gera.de,,,,,,,
LRA Greiz,Greiz,Stadt,Thüringen,N,19766,#N/A,#N/A,auslaender@landkreis-greiz.de,,,,,,,
STV Jena,Jena,Stadt,Thüringen,N,109725,Thomas Nitzsche,FDP,auslaenderbehoerde@jena.de,,,,,,,
LRA Saalfeld-Rudolstadt,Saalfeld-Rudolstadt,Stadt,Thüringen,N,#N/A,#N/A,#N/A,auslaenderbehoerde@kreis-slf.de,,,,,,,
STV Suhl / Thüringen,Suhl,Stadt,Thüringen,N,34685,André Knapp,CDU/CSU,auslaenderbehoerde@stadtsuhl.de,,,,,,,
LRA Hildburghausen,Hildburghausen,Stadt,Thüringen,N,11632,#N/A,#N/A,poststelle@lrahbn.thueringen.de,,,,,,,
LRA Schmalkalden-Meiningen,Schmalkalden-Meiningen,Stadt,Thüringen,N,#N/A,#N/A,#N/A,abh@lra-sm.thueringen.de,,,,,,,
LRA Sonneberg,Sonneberg,Stadt,Thüringen,N,22843,#N/A,#N/A,auslaenderbehoerde@lkson.de,,,,,,,
LRA Altenburger Land,Altenburger Land,Stadt,Thüringen,N,#N/A,#N/A,#N/A,auslaenderbehoerde@blk.de,,,,,,,
LRA Ostalbkreis,Ostalbkreis,Landkreis,Baden-Württemberg,N,#N/A,#N/A,#N/A,,,,,,,,
LRA Hohenlohekreis,Hohenlohekreis,Landkreis,Baden-Württemberg,N,#N/A,#N/A,#N/A,,,,,,,,
LRA Alb-Donau Kreis in Ulm,Alb-Donau-Kreis,Landkreis,Baden-Württemberg,N,#N/A,#N/A,#N/A,auslaenderwesen@ulm.de,,,,,,,
LRA Alb-Donau-Kreis in Ehingen,Alb-Donau-Kreis in Ehingen,Landkreis,Baden-Württemberg,N,#N/A,#N/A,#N/A,auslaenderamt@lra-a.bayern.de,,,,,,,
LRA Rems-Murr-Kreis,Rems-Murr-Kreis,Landkreis,Baden-Württemberg,N,#N/A,#N/A,#N/A,auslaenderamt@landkreis-guenzburg.de,,,,,,,
LRA Rhein-Neckar-Kreis,Rhein-Neckar-Kreis,Landkreis,Baden-Württemberg,N,#N/A,#N/A,#N/A,rhk@rheinhunsrueck.de,,,,,,,
LRA Neckar-Odenw.Kreis,Neckar-Odenw.Kreis,Landkreis,Baden-Württemberg,N,#N/A,#N/A,#N/A,auslaenderamt@rhein-neckar-kreis.de,,,,,,,
LRA Enzkreis,Enzkreis,Landkreis,Baden-Württemberg,N,#N/A,#N/A,#N/A,auslaenderamt@landkreis-dingolfing-landau.de,,,,,,,
LRA Main-Tauber-Kreis,Main-Tauber-Kreis,Landkreis,Baden-Württemberg,N,#N/A,#N/A,#N/A,Amt-fuer-Migration@lrasha.de,,,,,,,
LRA Ortenaukreis,Ortenaukreis,Landkreis,Baden-Württemberg,N,#N/A,#N/A,#N/A,auslaenderwesen@ortenaukreis.de,,,,,,,
LRA Schwarzwald-Baar-Kreis,Schwarzwald-Baar-Kreis,Landkreis,Baden-Württemberg,N,#N/A,#N/A,#N/A,auslaenderbehoerde@landratsamt-pirna.de,,,,,,,
LRA Zollernalbkreis,Zollernalbkreis,Landkreis,Baden-Württemberg,N,#N/A,#N/A,#N/A,post@zollernalbkreis.de,,,,,,,
LRA Bodenseekreis,Bodenseekreis,Landkreis,Baden-Württemberg,N,#N/A,#N/A,#N/A,auslaenderwesen@bodenseekreis.de,,,,,,,
LRA Main-Spessart-Kreis,Main-Spessart-Kreis,Landkreis,Bayern,N,#N/A,#N/A,#N/A,poststelle@landkreis-kelheim.de,,,,,,,
LR Odenwaldkreis,Odenwaldkreis,Landkreis,Hessen,N,#N/A,#N/A,#N/A,,,,,,,,
LR Wetteraukreis,Wetteraukreis,Landkreis,Hessen,N,#N/A,#N/A,#N/A,aufenthaltsrecht@wetteraukreis.de,,,,,,,
LRA Vogelsbergkreis,Vogelsbergkreis,Landkreis,Hessen,N,#N/A,#N/A,#N/A,auslaenderbehoerde@vogelsbergkreis.de,,,,,,,
LRA Werra-Meissner-Kreis,Werra-Meissner-Kreis,Landkreis,Hessen,N,#N/A,#N/A,#N/A,auslaenderbehoerde@werra-meissner-Kreis.de,,,,,,,
LRA Schwalm-Eder-Kreis,Schwalm-Eder-Kreis,Landkreis,Hessen,N,#N/A,#N/A,#N/A,Auslaenderbehoerde@Schwalm-Eder-Kreis.de,,,,,,,
LR Main-Kinzig-Kreis,Main-Kinzig-Kreis,Landkreis,Hessen,N,#N/A,#N/A,#N/A,auslaenderbehoerde@mkk.de,,,,,,,
LR Main-Taunus-Kreis,Main-Taunus-Kreis,Landkreis,Hessen,N,#N/A,#N/A,#N/A,auslaenderamt@mtk.org,,,,,,,
LR Hochtaunuskreis,Hochtaunuskreis,Landkreis,Hessen,N,#N/A,#N/A,#N/A,auslaenderbehoerde@hochtaunuskreis.de,,,,,,,
LR Rheingau-Taunus-Kreis,Rheingau-Taunus-Kreis,Landkreis,Hessen,N,#N/A,#N/A,#N/A,auslaenderamt@landkreis-emmendingen.de,,,,,,,
LRA Lahn-Dill-Kreis,Lahn-Dill-Kreis,Landkreis,Hessen,N,#N/A,#N/A,#N/A,auslaenderbehoerde@marburg-biedenkopf.de,,,,,,,
Landkreis Heidekreis,Heidekreis,Landkreis,Niedersachsen,N,#N/A,#N/A,#N/A,auslaenderbehoerde@kvmyk.de,,,,,,,
KRV Märkischer Kreis,Märkischer Kreis,Landkreis,Nordrhein-Westfalen,N,#N/A,#N/A,#N/A,integration-aufenthaltsrecht@iserlohn.de,,,,,,,
KRV Ennepe-Ruhr-Kreis,Ennepe-Ruhr-Kreis,Landkreis,Nordrhein-Westfalen,N,#N/A,#N/A,#N/A,auslaenderbehoerde@en-kreis.de,,,,,,,
KRV Hochsauerlandkreis,Hochsauerlandkreis,Landkreis,Nordrhein-Westfalen,N,#N/A,#N/A,#N/A,klaus.vonstein@hochsauerlandkreis.de,,,,,,,
Rhein-Kreis Neuss,Kreis Neuss,Landkreis,Nordrhein-Westfalen,N,#N/A,#N/A,#N/A,auslamt@landratsamt-ansbach.de,,,,,,,
KRV Rhein-Erft-Kreis,Rhein-Erft-Kreis,Landkreis,Nordrhein-Westfalen,N,#N/A,#N/A,#N/A,rhk@rheinhunsrueck.de,,,,,,,
KRV Oberbergischer Kreis,Oberbergischer Kreis,Landkreis,Nordrhein-Westfalen,N,#N/A,#N/A,#N/A,auslaenderbehoerde@landratsamt-pirna.de,,,,,,,
KRV Rheinisch-Bergischer Kreis,Rheinisch-Bergischer Kreis,Landkreis,Nordrhein-Westfalen,N,#N/A,#N/A,#N/A,auslaenderbehoerde@rhein-sieg-kreis.de,,,,,,,
KRV Rhein-Sieg-Kreis,Rhein-Sieg-Kreis,Landkreis,Nordrhein-Westfalen,N,#N/A,#N/A,#N/A,rhk@rheinhunsrueck.de,,,,,,,
KRV Donnersbergkreis,Donnersbergkreis,Landkreis,Rheinland-Pfalz,N,#N/A,#N/A,#N/A,kreisverwaltung@donnersberg.de,,,,,,,
KRV Rhein-Pfalz-Kreis,Rhein-Pfalz-Kreis,Landkreis,Rheinland-Pfalz,N,#N/A,#N/A,#N/A,post@kv-rpk.de,,,,,,,
ABH Rhein-Hunsrück-Kreis,Rhein-Hunsrück-Kreis,Landkreis,Rheinland-Pfalz,N,#N/A,#N/A,#N/A,rhk@rheinhunsrueck.de,,,,,,,
ABH Rhein-Hunsrück-Kreis (Standort AfA Hahn),Rhein-Hunsrück-Kreis (Standort AfA Hahn,Landkreis,Rheinland-Pfalz,N,#N/A,#N/A,#N/A,rhk@rheinhunsrueck.de,,,,,,,
KRV Westerwaldkreis,Westerwaldkreis,Landkreis,Rheinland-Pfalz,N,#N/A,#N/A,#N/A,,,,,,,,
KRV Rhein-Lahn-Kreis,Rhein-Lahn-Kreis,Landkreis,Rheinland-Pfalz,N,#N/A,#N/A,#N/A,kvbadems@rhein-lahn.rlp.de,,,,,,,
LRA Erzgebirgskreis,Erzgebirgskreis,Landkreis,Sachsen,N,#N/A,#N/A,#N/A,auslaenderbehoerde@kreis-erz.de,,,,,,,
LRA Vogtlandkreis,Vogtlandkreis,Landkreis,Sachsen,N,#N/A,#N/A,#N/A,auslaenderbehoerde@vogtlandkreis.de,,,,,,,
LKR Altmarkkreis Salzwedel,Altmarkkreis Salzwedel,Landkreis,Sachsen-Anhalt,N,#N/A,#N/A,#N/A,info@altmarkkreis-salzwedel.de,,,,,,,
Salzlandkreis,landkreis,Landkreis,Sachsen-Anhalt,N,#N/A,#N/A,#N/A,post@kreis-ak.de,,,,,,,
LKR Saalekreis,Saalekreis,Landkreis,Sachsen-Anhalt,N,#N/A,#N/A,#N/A,auslaenderbehoerde@kreis-slk.de,,,,,,,
Burgenlandkreis,enlandkreis,Landkreis,Sachsen-Anhalt,N,#N/A,#N/A,#N/A,post@kreis-ak.de,,,,,,,
LRA Unstrut-Hainich-Kreis,Unstrut-Hainich-Kreis,Landkreis,Thüringen,N,#N/A,#N/A,#N/A,abh@lrauh.thueringen.de,,,,,,,
LRA Kyffhäuserkreis,Kyffhäuserkreis,Landkreis,Thüringen,N,#N/A,#N/A,#N/A,abh@kyffhaeuser.de,,,,,,,
LRA Saale-Holzland-Kreis,Saale-Holzland-Kreis,Landkreis,Thüringen,N,#N/A,#N/A,#N/A,auslaenderamt@landkreis-hof.de,,,,,,,
LRA Saale-Orla-Kreis,Saale-Orla-Kreis,Landkreis,Thüringen,N,#N/A,#N/A,#N/A,auslaenderamt@landkreis-hof.de,,,,,,,
LRA Wartburgkreis,Wartburgkreis,Landkreis,Thüringen,N,#N/A,#N/A,#N/A,versorgung.migration@wartburgkreis.de,,,,,,,
LRA Ilm-Kreis,Ilm-Kreis,Landkreis,Thüringen,N,#N/A,#N/A,#N/A,auslaenderamt@landratsamt-paf.de,,,,,,,
